,VD,ID,VG,VS,VB
0,0.0,1.548e-11,0.0,0,0
1,-0.01,-1.934e-11,0.0,0,0
2,-0.02,-2.141e-11,0.0,0,0
3,-0.03,-2.171e-11,0.0,0,0
4,-0.04,-2.267e-11,0.0,0,0
5,-0.05,-2.345e-11,0.0,0,0
6,-0.06,-2.433e-11,0.0,0,0
7,-0.07,-2.456e-11,0.0,0,0
8,-0.08,-2.489e-11,0.0,0,0
9,-0.09,-2.506e-11,0.0,0,0
10,-0.1,-2.57e-11,0.0,0,0
11,-0.11,-2.509e-11,0.0,0,0
12,-0.12,-2.5100000000000003e-11,0.0,0,0
13,-0.13,-2.5870000000000003e-11,0.0,0,0
14,-0.14,-2.526e-11,0.0,0,0
15,-0.15,-2.575e-11,0.0,0,0
16,-0.16,-2.5100000000000003e-11,0.0,0,0
17,-0.17,-2.578e-11,0.0,0,0
18,-0.18,-2.4850000000000003e-11,0.0,0,0
19,-0.19,-2.447e-11,0.0,0,0
20,-0.2,-2.3900000000000003e-11,0.0,0,0
21,-0.21,-2.302e-11,0.0,0,0
22,-0.22,-2.254e-11,0.0,0,0
23,-0.23,-2.171e-11,0.0,0,0
24,-0.24,-2.1570000000000003e-11,0.0,0,0
25,-0.25,-2.0570000000000003e-11,0.0,0,0
26,-0.26,1.64e-12,0.0,0,0
27,-0.27,3.56e-12,0.0,0,0
28,-0.28,5.470000000000001e-12,0.0,0,0
29,-0.29,6.61e-12,0.0,0,0
30,-0.3,8.16e-12,0.0,0,0
31,-0.31,9.16e-12,0.0,0,0
32,-0.32,1.014e-11,0.0,0,0
33,-0.33,1.117e-11,0.0,0,0
34,-0.34,1.26e-11,0.0,0,0
35,-0.35,1.3580000000000002e-11,0.0,0,0
36,-0.36,1.356e-11,0.0,0,0
37,-0.37,1.5850000000000002e-11,0.0,0,0
38,-0.38,1.721e-11,0.0,0,0
39,-0.39,1.858e-11,0.0,0,0
40,-0.4,2.003e-11,0.0,0,0
41,-0.41,2.112e-11,0.0,0,0
42,-0.42,2.182e-11,0.0,0,0
43,-0.43,2.218e-11,0.0,0,0
44,-0.44,2.224e-11,0.0,0,0
45,-0.45,2.2700000000000003e-11,0.0,0,0
46,-0.46,2.317e-11,0.0,0,0
47,-0.47,2.3100000000000003e-11,0.0,0,0
48,-0.48,2.347e-11,0.0,0,0
49,-0.49,2.304e-11,0.0,0,0
50,-0.5,2.3630000000000003e-11,0.0,0,0
51,-0.51,2.334e-11,0.0,0,0
52,-0.52,2.36e-11,0.0,0,0
53,-0.53,2.373e-11,0.0,0,0
54,-0.54,2.3010000000000003e-11,0.0,0,0
55,-0.55,2.2570000000000003e-11,0.0,0,0
56,-0.56,2.216e-11,0.0,0,0
57,-0.57,2.18e-11,0.0,0,0
58,-0.58,2.08e-11,0.0,0,0
59,-0.59,1.982e-11,0.0,0,0
60,-0.6,1.897e-11,0.0,0,0
61,-0.61,1.768e-11,0.0,0,0
62,-0.62,-3.97e-12,0.0,0,0
63,-0.63,-5.38e-12,0.0,0,0
64,-0.64,-5.710000000000001e-12,0.0,0,0
65,-0.65,-7.39e-12,0.0,0,0
66,-0.66,-8.44e-12,0.0,0,0
67,-0.67,-9.43e-12,0.0,0,0
68,-0.68,-9.82e-12,0.0,0,0
69,-0.69,-1.142e-11,0.0,0,0
70,-0.7,-1.294e-11,0.0,0,0
71,-0.71,-2.216e-11,0.0,0,0
72,-0.72,-2.286e-11,0.0,0,0
73,-0.73,-2.429e-11,0.0,0,0
74,-0.74,-2.415e-11,0.0,0,0
75,-0.75,-2.4830000000000003e-11,0.0,0,0
76,-0.76,-2.55e-11,0.0,0,0
77,-0.77,-2.553e-11,0.0,0,0
78,-0.78,-2.5810000000000003e-11,0.0,0,0
79,-0.79,-2.64e-11,0.0,0,0
80,-0.8,-2.624e-11,0.0,0,0
81,-0.81,-2.648e-11,0.0,0,0
82,-0.82,-2.719e-11,0.0,0,0
83,-0.83,-2.679e-11,0.0,0,0
84,-0.84,-2.677e-11,0.0,0,0
85,-0.85,-2.7360000000000003e-11,0.0,0,0
86,-0.86,-2.7400000000000004e-11,0.0,0,0
87,-0.87,-2.6850000000000003e-11,0.0,0,0
88,-0.88,-2.7380000000000003e-11,0.0,0,0
89,-0.89,-2.69e-11,0.0,0,0
90,-0.9,-2.67e-11,0.0,0,0
91,-0.91,-2.608e-11,0.0,0,0
92,-0.92,-2.602e-11,0.0,0,0
93,-0.93,-2.529e-11,0.0,0,0
94,-0.94,-2.499e-11,0.0,0,0
95,-0.95,-2.4300000000000003e-11,0.0,0,0
96,-0.96,-2.3390000000000003e-11,0.0,0,0
97,-0.97,-2.2770000000000003e-11,0.0,0,0
98,-0.98,-8.9e-13,0.0,0,0
99,-0.99,-2.900000000000001e-13,0.0,0,0
100,-1.0,9.200000000000001e-13,0.0,0,0
101,-1.01,2.09e-12,0.0,0,0
102,-1.02,2.2500000000000003e-12,0.0,0,0
103,-1.03,3.58e-12,0.0,0,0
104,-1.04,4.290000000000001e-12,0.0,0,0
105,-1.05,5.33e-12,0.0,0,0
106,-1.06,7.4e-12,0.0,0,0
107,-1.07,8.190000000000001e-12,0.0,0,0
108,-1.08,9.53e-12,0.0,0,0
109,-1.09,1.036e-11,0.0,0,0
110,-1.1,1.181e-11,0.0,0,0
111,-1.11,1.2580000000000002e-11,0.0,0,0
112,-1.12,1.3790000000000002e-11,0.0,0,0
113,-1.13,1.488e-11,0.0,0,0
114,-1.14,1.6340000000000002e-11,0.0,0,0
115,-1.15,1.65e-11,0.0,0,0
116,-1.16,1.7890000000000002e-11,0.0,0,0
117,-1.1700000000000002,1.889e-11,0.0,0,0
118,-1.1800000000000002,1.886e-11,0.0,0,0
119,-1.19,1.921e-11,0.0,0,0
120,-1.2,1.947e-11,0.0,0,0
121,-1.21,2.0440000000000003e-11,0.0,0,0
122,-1.22,2.027e-11,0.0,0,0
123,-1.23,2.093e-11,0.0,0,0
124,-1.24,2.091e-11,0.0,0,0
125,-1.25,2.06e-11,0.0,0,0
126,-1.26,2.056e-11,0.0,0,0
127,-1.27,2.103e-11,0.0,0,0
128,-1.28,2.0860000000000003e-11,0.0,0,0
129,-1.29,2.0570000000000003e-11,0.0,0,0
130,-1.3,2.062e-11,0.0,0,0
131,-1.31,2.0150000000000003e-11,0.0,0,0
132,-1.32,2.001e-11,0.0,0,0
133,-1.33,1.987e-11,0.0,0,0
134,-1.34,1.843e-11,0.0,0,0
135,-1.35,1.829e-11,0.0,0,0
136,-1.36,1.701e-11,0.0,0,0
137,-1.37,1.69e-11,0.0,0,0
138,-1.38,1.6090000000000003e-11,0.0,0,0
139,-1.39,1.5270000000000003e-11,0.0,0,0
140,-1.4,-6.120000000000001e-12,0.0,0,0
141,-1.41,-7.45e-12,0.0,0,0
142,-1.4200000000000002,-8.74e-12,0.0,0,0
143,-1.4300000000000002,-1.012e-11,0.0,0,0
144,-1.4400000000000002,-1.203e-11,0.0,0,0
145,-1.4500000000000002,-1.4110000000000002e-11,0.0,0,0
146,-1.46,-1.511e-11,0.0,0,0
147,-1.47,-1.56e-11,0.0,0,0
148,-1.48,-1.8000000000000002e-11,0.0,0,0
149,-1.49,-1.957e-11,0.0,0,0
150,-1.5,-1.941e-11,0.0,0,0
151,-1.51,-2.147e-11,0.0,0,0
152,-1.52,-2.24e-11,0.0,0,0
153,-1.53,-2.322e-11,0.0,0,0
154,-1.54,-2.388e-11,0.0,0,0
155,-1.55,-2.4920000000000003e-11,0.0,0,0
156,-1.56,-2.6630000000000003e-11,0.0,0,0
157,-1.57,-2.737e-11,0.0,0,0
158,-1.58,-2.7890000000000003e-11,0.0,0,0
159,-1.59,-2.928e-11,0.0,0,0
160,-1.6,-2.9220000000000004e-11,0.0,0,0
161,-1.61,-3.004e-11,0.0,0,0
162,-1.62,-3.045e-11,0.0,0,0
163,-1.63,-3.058e-11,0.0,0,0
164,-1.64,-3.067e-11,0.0,0,0
165,-1.65,-3.106e-11,0.0,0,0
166,-1.66,-3.117e-11,0.0,0,0
167,-1.6700000000000002,-3.129e-11,0.0,0,0
168,-1.6800000000000002,-3.0060000000000004e-11,0.0,0,0
169,-1.6900000000000002,-2.854e-11,0.0,0,0
170,-1.7000000000000002,-2.713e-11,0.0,0,0
171,-1.7100000000000002,-2.666e-11,0.0,0,0
172,-1.72,-6.0600000000000004e-12,0.0,0,0
173,-1.73,-4.03e-12,0.0,0,0
174,-1.74,-2.6600000000000004e-12,0.0,0,0
175,-1.75,-2.09e-12,0.0,0,0
176,-1.76,-9.8e-13,0.0,0,0
177,-1.77,-2.1000000000000001e-13,0.0,0,0
178,-1.78,5e-13,0.0,0,0
179,-1.79,1.5e-12,0.0,0,0
180,-1.8,3.75e-12,0.0,0,0
181,0.0,1.4000000000000002e-11,-0.2,0,0
182,-0.01,2.51e-12,-0.2,0,0
183,-0.02,-5.09e-12,-0.2,0,0
184,-0.03,-9.84e-12,-0.2,0,0
185,-0.04,-1.284e-11,-0.2,0,0
186,-0.05,-1.5140000000000002e-11,-0.2,0,0
187,-0.06,-1.82e-11,-0.2,0,0
188,-0.07,-1.971e-11,-0.2,0,0
189,-0.08,-2.073e-11,-0.2,0,0
190,-0.09,-2.1660000000000003e-11,-0.2,0,0
191,-0.1,-2.373e-11,-0.2,0,0
192,-0.11,-2.358e-11,-0.2,0,0
193,-0.12,-2.4960000000000004e-11,-0.2,0,0
194,-0.13,-2.599e-11,-0.2,0,0
195,-0.14,-2.775e-11,-0.2,0,0
196,-0.15,-2.8310000000000004e-11,-0.2,0,0
197,-0.16,-2.9410000000000005e-11,-0.2,0,0
198,-0.17,-3.077e-11,-0.2,0,0
199,-0.18,-3.15e-11,-0.2,0,0
200,-0.19,-3.3300000000000004e-11,-0.2,0,0
201,-0.2,-3.4760000000000005e-11,-0.2,0,0
202,-0.21,-3.568e-11,-0.2,0,0
203,-0.22,-3.878e-11,-0.2,0,0
204,-0.23,-4.032e-11,-0.2,0,0
205,-0.24,-4.076e-11,-0.2,0,0
206,-0.25,-4.337e-11,-0.2,0,0
207,-0.26,-4.586e-11,-0.2,0,0
208,-0.27,-4.788000000000001e-11,-0.2,0,0
209,-0.28,-5.2280000000000006e-11,-0.2,0,0
210,-0.29,-5.265000000000001e-11,-0.2,0,0
211,-0.3,-5.667e-11,-0.2,0,0
212,-0.31,-8.033e-11,-0.2,0,0
213,-0.32,-8.357e-11,-0.2,0,0
214,-0.33,-8.598000000000001e-11,-0.2,0,0
215,-0.34,-8.785000000000001e-11,-0.2,0,0
216,-0.35,-9.156e-11,-0.2,0,0
217,-0.36,-9.476e-11,-0.2,0,0
218,-0.37,-9.72e-11,-0.2,0,0
219,-0.38,-9.912e-11,-0.2,0,0
220,-0.39,-1.0212e-10,-0.2,0,0
221,-0.4,-1.0555e-10,-0.2,0,0
222,-0.41,-1.1611e-10,-0.2,0,0
223,-0.42,-1.2021000000000002e-10,-0.2,0,0
224,-0.43,-1.2261e-10,-0.2,0,0
225,-0.44,-1.2302e-10,-0.2,0,0
226,-0.45,-1.2630000000000002e-10,-0.2,0,0
227,-0.46,-1.2705000000000002e-10,-0.2,0,0
228,-0.47,-1.2924e-10,-0.2,0,0
229,-0.48,-1.3095e-10,-0.2,0,0
230,-0.49,-1.3349000000000002e-10,-0.2,0,0
231,-0.5,-1.3511e-10,-0.2,0,0
232,-0.51,-1.3734e-10,-0.2,0,0
233,-0.52,-1.3928e-10,-0.2,0,0
234,-0.53,-1.4293000000000002e-10,-0.2,0,0
235,-0.54,-1.4307e-10,-0.2,0,0
236,-0.55,-1.4529000000000002e-10,-0.2,0,0
237,-0.56,-1.4894e-10,-0.2,0,0
238,-0.57,-1.4876e-10,-0.2,0,0
239,-0.58,-1.503e-10,-0.2,0,0
240,-0.59,-1.5175000000000002e-10,-0.2,0,0
241,-0.6,-1.5261e-10,-0.2,0,0
242,-0.61,-1.3333000000000002e-10,-0.2,0,0
243,-0.62,-1.3328e-10,-0.2,0,0
244,-0.63,-1.3320000000000002e-10,-0.2,0,0
245,-0.64,-1.3431e-10,-0.2,0,0
246,-0.65,-1.3636e-10,-0.2,0,0
247,-0.66,-1.3771e-10,-0.2,0,0
248,-0.67,-1.4069e-10,-0.2,0,0
249,-0.68,-1.4324e-10,-0.2,0,0
250,-0.69,-1.4185e-10,-0.2,0,0
251,-0.7,-1.4144e-10,-0.2,0,0
252,-0.71,-1.4545e-10,-0.2,0,0
253,-0.72,-1.4436e-10,-0.2,0,0
254,-0.73,-1.4644e-10,-0.2,0,0
255,-0.74,-1.4861000000000002e-10,-0.2,0,0
256,-0.75,-1.5035e-10,-0.2,0,0
257,-0.76,-1.512e-10,-0.2,0,0
258,-0.77,-1.5507e-10,-0.2,0,0
259,-0.78,-1.5473000000000002e-10,-0.2,0,0
260,-0.79,-1.5784000000000002e-10,-0.2,0,0
261,-0.8,-1.5956000000000002e-10,-0.2,0,0
262,-0.81,-1.6311000000000002e-10,-0.2,0,0
263,-0.82,-1.683e-10,-0.2,0,0
264,-0.83,-1.6804000000000002e-10,-0.2,0,0
265,-0.84,-1.7104e-10,-0.2,0,0
266,-0.85,-1.7450000000000002e-10,-0.2,0,0
267,-0.86,-1.7687e-10,-0.2,0,0
268,-0.87,-1.7988e-10,-0.2,0,0
269,-0.88,-1.8366e-10,-0.2,0,0
270,-0.89,-1.8695e-10,-0.2,0,0
271,-0.9,-1.9337000000000003e-10,-0.2,0,0
272,-0.91,-1.94e-10,-0.2,0,0
273,-0.92,-1.9759e-10,-0.2,0,0
274,-0.93,-2.0086e-10,-0.2,0,0
275,-0.94,-2.0471e-10,-0.2,0,0
276,-0.95,-2.0886e-10,-0.2,0,0
277,-0.96,-2.1254e-10,-0.2,0,0
278,-0.97,-2.1722000000000003e-10,-0.2,0,0
279,-0.98,-2.2609e-10,-0.2,0,0
280,-0.99,-2.3107e-10,-0.2,0,0
281,-1.0,-2.3204e-10,-0.2,0,0
282,-1.01,-2.3651e-10,-0.2,0,0
283,-1.02,-2.4156000000000004e-10,-0.2,0,0
284,-1.03,-2.7130000000000004e-10,-0.2,0,0
285,-1.04,-2.7521e-10,-0.2,0,0
286,-1.05,-2.8025000000000004e-10,-0.2,0,0
287,-1.06,-2.8491e-10,-0.2,0,0
288,-1.07,-2.8945e-10,-0.2,0,0
289,-1.08,-2.9470000000000003e-10,-0.2,0,0
290,-1.09,-3.0035e-10,-0.2,0,0
291,-1.1,-3.0638000000000003e-10,-0.2,0,0
292,-1.11,-3.1288e-10,-0.2,0,0
293,-1.12,-3.2532e-10,-0.2,0,0
294,-1.13,-3.2997e-10,-0.2,0,0
295,-1.14,-3.3528e-10,-0.2,0,0
296,-1.15,-3.4049000000000003e-10,-0.2,0,0
297,-1.16,-3.4538e-10,-0.2,0,0
298,-1.1700000000000002,-3.4893e-10,-0.2,0,0
299,-1.1800000000000002,-3.5352000000000004e-10,-0.2,0,0
300,-1.19,-3.5803e-10,-0.2,0,0
301,-1.2,-3.6301e-10,-0.2,0,0
302,-1.21,-3.6815e-10,-0.2,0,0
303,-1.22,-3.7202e-10,-0.2,0,0
304,-1.23,-3.7637e-10,-0.2,0,0
305,-1.24,-3.8165e-10,-0.2,0,0
306,-1.25,-3.8481e-10,-0.2,0,0
307,-1.26,-3.8902e-10,-0.2,0,0
308,-1.27,-3.719e-10,-0.2,0,0
309,-1.28,-3.7658e-10,-0.2,0,0
310,-1.29,-3.7858000000000005e-10,-0.2,0,0
311,-1.3,-3.8853000000000005e-10,-0.2,0,0
312,-1.31,-3.8852e-10,-0.2,0,0
313,-1.32,-3.9083e-10,-0.2,0,0
314,-1.33,-3.9596000000000005e-10,-0.2,0,0
315,-1.34,-4.0472e-10,-0.2,0,0
316,-1.35,-4.0458e-10,-0.2,0,0
317,-1.36,-4.0943000000000005e-10,-0.2,0,0
318,-1.37,-4.1464e-10,-0.2,0,0
319,-1.38,-4.1892e-10,-0.2,0,0
320,-1.39,-4.2263e-10,-0.2,0,0
321,-1.4,-4.2697e-10,-0.2,0,0
322,-1.41,-4.3005e-10,-0.2,0,0
323,-1.4200000000000002,-4.3472e-10,-0.2,0,0
324,-1.4300000000000002,-4.4075000000000005e-10,-0.2,0,0
325,-1.4400000000000002,-4.4511e-10,-0.2,0,0
326,-1.4500000000000002,-4.4982000000000006e-10,-0.2,0,0
327,-1.46,-4.5623e-10,-0.2,0,0
328,-1.47,-4.683e-10,-0.2,0,0
329,-1.48,-4.6691e-10,-0.2,0,0
330,-1.49,-4.7436e-10,-0.2,0,0
331,-1.5,-4.7962e-10,-0.2,0,0
332,-1.51,-4.8649e-10,-0.2,0,0
333,-1.52,-5.0095e-10,-0.2,0,0
334,-1.53,-4.993400000000001e-10,-0.2,0,0
335,-1.54,-5.0862e-10,-0.2,0,0
336,-1.55,-5.1374e-10,-0.2,0,0
337,-1.56,-5.284600000000001e-10,-0.2,0,0
338,-1.57,-5.2848e-10,-0.2,0,0
339,-1.58,-5.3569e-10,-0.2,0,0
340,-1.59,-5.4323e-10,-0.2,0,0
341,-1.6,-5.585700000000001e-10,-0.2,0,0
342,-1.61,-5.66e-10,-0.2,0,0
343,-1.62,-5.7385e-10,-0.2,0,0
344,-1.63,-5.742300000000001e-10,-0.2,0,0
345,-1.64,-5.8289e-10,-0.2,0,0
346,-1.65,-5.918000000000001e-10,-0.2,0,0
347,-1.66,-6.010600000000001e-10,-0.2,0,0
348,-1.6700000000000002,-6.0992e-10,-0.2,0,0
349,-1.6800000000000002,-6.189300000000001e-10,-0.2,0,0
350,-1.6900000000000002,-6.371700000000001e-10,-0.2,0,0
351,-1.7000000000000002,-6.3984e-10,-0.2,0,0
352,-1.7100000000000002,-6.5184e-10,-0.2,0,0
353,-1.72,-6.574400000000001e-10,-0.2,0,0
354,-1.73,-6.958300000000001e-10,-0.2,0,0
355,-1.74,-7.040400000000001e-10,-0.2,0,0
356,-1.75,-7.1422e-10,-0.2,0,0
357,-1.76,-7.2408e-10,-0.2,0,0
358,-1.77,-7.35e-10,-0.2,0,0
359,-1.78,-7.5587e-10,-0.2,0,0
360,-1.79,-7.5769e-10,-0.2,0,0
361,-1.8,-7.6717e-10,-0.2,0,0
362,0.0,-1.4735e-10,-0.4,0,0
363,-0.01,-1.5592e-09,-0.4,0,0
364,-0.02,-2.6699e-09,-0.4,0,0
365,-0.03,-3.5021e-09,-0.4,0,0
366,-0.04,-4.1331e-09,-0.4,0,0
367,-0.05,-4.6263e-09,-0.4,0,0
368,-0.06,-5.1094e-09,-0.4,0,0
369,-0.07,-5.4375e-09,-0.4,0,0
370,-0.08,-5.7266e-09,-0.4,0,0
371,-0.09,-5.8884e-09,-0.4,0,0
372,-0.1,-6.207e-09,-0.4,0,0
373,-0.11,-6.3307e-09,-0.4,0,0
374,-0.12,-6.5358e-09,-0.4,0,0
375,-0.13,-6.7287e-09,-0.4,0,0
376,-0.14,-6.9226e-09,-0.4,0,0
377,-0.15,-7.2148e-09,-0.4,0,0
378,-0.16,-7.4071e-09,-0.4,0,0
379,-0.17,-7.4831e-09,-0.4,0,0
380,-0.18,-7.7885e-09,-0.4,0,0
381,-0.19,-7.8972e-09,-0.4,0,0
382,-0.2,-8.0971e-09,-0.4,0,0
383,-0.21,-8.2918e-09,-0.4,0,0
384,-0.22,-8.499e-09,-0.4,0,0
385,-0.23,-8.7309e-09,-0.4,0,0
386,-0.24,-8.8984e-09,-0.4,0,0
387,-0.25,-9.1104e-09,-0.4,0,0
388,-0.26,-9.3792e-09,-0.4,0,0
389,-0.27,-9.441e-09,-0.4,0,0
390,-0.28,-9.6578e-09,-0.4,0,0
391,-0.29,-9.8665e-09,-0.4,0,0
392,-0.3,-1.00531e-08,-0.4,0,0
393,-0.31,-1.02602e-08,-0.4,0,0
394,-0.32,-1.04939e-08,-0.4,0,0
395,-0.33,-1.06801e-08,-0.4,0,0
396,-0.34,-1.08883e-08,-0.4,0,0
397,-0.35,-1.11215e-08,-0.4,0,0
398,-0.36,-1.13488e-08,-0.4,0,0
399,-0.37,-1.16916e-08,-0.4,0,0
400,-0.38,-1.18962e-08,-0.4,0,0
401,-0.39,-1.19878e-08,-0.4,0,0
402,-0.4,-1.23404e-08,-0.4,0,0
403,-0.41,-1.2492999999999998e-08,-0.4,0,0
404,-0.42,-1.2717599999999998e-08,-0.4,0,0
405,-0.43,-1.30794e-08,-0.4,0,0
406,-0.44,-1.33642e-08,-0.4,0,0
407,-0.45,-1.3419e-08,-0.4,0,0
408,-0.46,-1.36386e-08,-0.4,0,0
409,-0.47,-1.38506e-08,-0.4,0,0
410,-0.48,-1.40962e-08,-0.4,0,0
411,-0.49,-1.43786e-08,-0.4,0,0
412,-0.5,-1.4790199999999998e-08,-0.4,0,0
413,-0.51,-1.48228e-08,-0.4,0,0
414,-0.52,-1.52756e-08,-0.4,0,0
415,-0.53,-1.55654e-08,-0.4,0,0
416,-0.54,-1.5835e-08,-0.4,0,0
417,-0.55,-1.6044599999999997e-08,-0.4,0,0
418,-0.56,-1.61098e-08,-0.4,0,0
419,-0.57,-1.6358999999999998e-08,-0.4,0,0
420,-0.58,-1.6668599999999997e-08,-0.4,0,0
421,-0.59,-1.6932399999999997e-08,-0.4,0,0
422,-0.6,-1.7265999999999997e-08,-0.4,0,0
423,-0.61,-1.7423999999999998e-08,-0.4,0,0
424,-0.62,-1.7769599999999998e-08,-0.4,0,0
425,-0.63,-1.80234e-08,-0.4,0,0
426,-0.64,-1.83062e-08,-0.4,0,0
427,-0.65,-1.85584e-08,-0.4,0,0
428,-0.66,-1.88174e-08,-0.4,0,0
429,-0.67,-1.91248e-08,-0.4,0,0
430,-0.68,-1.94652e-08,-0.4,0,0
431,-0.69,-1.97402e-08,-0.4,0,0
432,-0.7,-2.01912e-08,-0.4,0,0
433,-0.71,-2.02972e-08,-0.4,0,0
434,-0.72,-2.05854e-08,-0.4,0,0
435,-0.73,-2.09338e-08,-0.4,0,0
436,-0.74,-2.1236e-08,-0.4,0,0
437,-0.75,-2.1534e-08,-0.4,0,0
438,-0.76,-2.17944e-08,-0.4,0,0
439,-0.77,-2.21482e-08,-0.4,0,0
440,-0.78,-2.24894e-08,-0.4,0,0
441,-0.79,-2.28252e-08,-0.4,0,0
442,-0.8,-2.31068e-08,-0.4,0,0
443,-0.81,-2.34012e-08,-0.4,0,0
444,-0.82,-2.37484e-08,-0.4,0,0
445,-0.83,-2.41142e-08,-0.4,0,0
446,-0.84,-2.44296e-08,-0.4,0,0
447,-0.85,-2.47454e-08,-0.4,0,0
448,-0.86,-2.50768e-08,-0.4,0,0
449,-0.87,-2.55786e-08,-0.4,0,0
450,-0.88,-2.61426e-08,-0.4,0,0
451,-0.89,-2.61492e-08,-0.4,0,0
452,-0.9,-2.6478e-08,-0.4,0,0
453,-0.91,-2.71504e-08,-0.4,0,0
454,-0.92,-2.7311e-08,-0.4,0,0
455,-0.93,-2.7587e-08,-0.4,0,0
456,-0.94,-2.79396e-08,-0.4,0,0
457,-0.95,-2.85188e-08,-0.4,0,0
458,-0.96,-2.8634e-08,-0.4,0,0
459,-0.97,-2.90702e-08,-0.4,0,0
460,-0.98,-2.94296e-08,-0.4,0,0
461,-0.99,-2.9815e-08,-0.4,0,0
462,-1.0,-3.01694e-08,-0.4,0,0
463,-1.01,-3.0527399999999994e-08,-0.4,0,0
464,-1.02,-3.093e-08,-0.4,0,0
465,-1.03,-3.13738e-08,-0.4,0,0
466,-1.04,-3.1751e-08,-0.4,0,0
467,-1.05,-3.24904e-08,-0.4,0,0
468,-1.06,-3.251e-08,-0.4,0,0
469,-1.07,-3.2942799999999995e-08,-0.4,0,0
470,-1.08,-3.37944e-08,-0.4,0,0
471,-1.09,-3.37848e-08,-0.4,0,0
472,-1.1,-3.41808e-08,-0.4,0,0
473,-1.11,-3.45972e-08,-0.4,0,0
474,-1.12,-3.50596e-08,-0.4,0,0
475,-1.13,-3.55078e-08,-0.4,0,0
476,-1.14,-3.59244e-08,-0.4,0,0
477,-1.15,-3.63318e-08,-0.4,0,0
478,-1.16,-3.67498e-08,-0.4,0,0
479,-1.1700000000000002,-3.71952e-08,-0.4,0,0
480,-1.1800000000000002,-3.76794e-08,-0.4,0,0
481,-1.19,-3.81306e-08,-0.4,0,0
482,-1.2,-3.90056e-08,-0.4,0,0
483,-1.21,-3.9465799999999993e-08,-0.4,0,0
484,-1.22,-3.9889599999999993e-08,-0.4,0,0
485,-1.23,-4.05316e-08,-0.4,0,0
486,-1.24,-4.05428e-08,-0.4,0,0
487,-1.25,-4.1037e-08,-0.4,0,0
488,-1.26,-4.20948e-08,-0.4,0,0
489,-1.27,-4.20542e-08,-0.4,0,0
490,-1.28,-4.259219999999999e-08,-0.4,0,0
491,-1.29,-4.31118e-08,-0.4,0,0
492,-1.3,-4.42604e-08,-0.4,0,0
493,-1.31,-4.41596e-08,-0.4,0,0
494,-1.32,-4.47116e-08,-0.4,0,0
495,-1.33,-4.603459999999999e-08,-0.4,0,0
496,-1.34,-4.58854e-08,-0.4,0,0
497,-1.35,-4.68588e-08,-0.4,0,0
498,-1.36,-4.773479999999999e-08,-0.4,0,0
499,-1.37,-4.739899999999999e-08,-0.4,0,0
500,-1.38,-4.81868e-08,-0.4,0,0
501,-1.39,-4.84708e-08,-0.4,0,0
502,-1.4,-4.90304e-08,-0.4,0,0
503,-1.41,-4.9687e-08,-0.4,0,0
504,-1.4200000000000002,-5.03582e-08,-0.4,0,0
505,-1.4300000000000002,-5.11044e-08,-0.4,0,0
506,-1.4400000000000002,-5.3091e-08,-0.4,0,0
507,-1.4500000000000002,-5.24428e-08,-0.4,0,0
508,-1.46,-5.2959e-08,-0.4,0,0
509,-1.47,-5.3477e-08,-0.4,0,0
510,-1.48,-5.41202e-08,-0.4,0,0
511,-1.49,-5.47714e-08,-0.4,0,0
512,-1.5,-5.52976e-08,-0.4,0,0
513,-1.51,-5.62398e-08,-0.4,0,0
514,-1.52,-5.5857e-08,-0.4,0,0
515,-1.53,-5.68096e-08,-0.4,0,0
516,-1.54,-5.6616e-08,-0.4,0,0
517,-1.55,-5.79764e-08,-0.4,0,0
518,-1.56,-5.80352e-08,-0.4,0,0
519,-1.57,-5.88116e-08,-0.4,0,0
520,-1.58,-6.03694e-08,-0.4,0,0
521,-1.59,-6.00444e-08,-0.4,0,0
522,-1.6,-6.051239999999999e-08,-0.4,0,0
523,-1.61,-6.10072e-08,-0.4,0,0
524,-1.62,-6.224899999999999e-08,-0.4,0,0
525,-1.63,-6.22114e-08,-0.4,0,0
526,-1.64,-6.297519999999999e-08,-0.4,0,0
527,-1.65,-6.374519999999999e-08,-0.4,0,0
528,-1.66,-6.442539999999999e-08,-0.4,0,0
529,-1.6700000000000002,-6.5754e-08,-0.4,0,0
530,-1.6800000000000002,-6.5791e-08,-0.4,0,0
531,-1.6900000000000002,-6.64748e-08,-0.4,0,0
532,-1.7000000000000002,-6.725259999999999e-08,-0.4,0,0
533,-1.7100000000000002,-6.801639999999999e-08,-0.4,0,0
534,-1.72,-6.875879999999999e-08,-0.4,0,0
535,-1.73,-6.95544e-08,-0.4,0,0
536,-1.74,-7.017379999999999e-08,-0.4,0,0
537,-1.75,-7.08954e-08,-0.4,0,0
538,-1.76,-7.13032e-08,-0.4,0,0
539,-1.77,-7.184939999999999e-08,-0.4,0,0
540,-1.78,-7.2355e-08,-0.4,0,0
541,-1.79,-7.293119999999999e-08,-0.4,0,0
542,-1.8,-7.410579999999999e-08,-0.4,0,0
543,0.0,-4.8937e-09,-0.6000000000000001,0,0
544,-0.01,-1.1124e-07,-0.6000000000000001,0,0
545,-0.02,-1.9742e-07,-0.6000000000000001,0,0
546,-0.03,-2.697e-07,-0.6000000000000001,0,0
547,-0.04,-3.2356e-07,-0.6000000000000001,0,0
548,-0.05,-3.6994e-07,-0.6000000000000001,0,0
549,-0.06,-4.0824e-07,-0.6000000000000001,0,0
550,-0.07,-4.4086e-07,-0.6000000000000001,0,0
551,-0.08,-4.6926e-07,-0.6000000000000001,0,0
552,-0.09,-4.9388e-07,-0.6000000000000001,0,0
553,-0.1,-5.1614e-07,-0.6000000000000001,0,0
554,-0.11,-5.3592e-07,-0.6000000000000001,0,0
555,-0.12,-5.5384e-07,-0.6000000000000001,0,0
556,-0.13,-5.7124e-07,-0.6000000000000001,0,0
557,-0.14,-5.9072e-07,-0.6000000000000001,0,0
558,-0.15,-6.0576e-07,-0.6000000000000001,0,0
559,-0.16,-6.1536e-07,-0.6000000000000001,0,0
560,-0.17,-6.2898e-07,-0.6000000000000001,0,0
561,-0.18,-6.4258e-07,-0.6000000000000001,0,0
562,-0.19,-6.558e-07,-0.6000000000000001,0,0
563,-0.2,-6.6866e-07,-0.6000000000000001,0,0
564,-0.21,-6.8264e-07,-0.6000000000000001,0,0
565,-0.22,-6.967e-07,-0.6000000000000001,0,0
566,-0.23,-7.1224e-07,-0.6000000000000001,0,0
567,-0.24,-7.221999999999999e-07,-0.6000000000000001,0,0
568,-0.25,-7.3522e-07,-0.6000000000000001,0,0
569,-0.26,-7.484399999999999e-07,-0.6000000000000001,0,0
570,-0.27,-7.6164e-07,-0.6000000000000001,0,0
571,-0.28,-7.747e-07,-0.6000000000000001,0,0
572,-0.29,-7.879e-07,-0.6000000000000001,0,0
573,-0.3,-8.006e-07,-0.6000000000000001,0,0
574,-0.31,-8.135e-07,-0.6000000000000001,0,0
575,-0.32,-8.2646e-07,-0.6000000000000001,0,0
576,-0.33,-8.449e-07,-0.6000000000000001,0,0
577,-0.34,-8.5192e-07,-0.6000000000000001,0,0
578,-0.35,-8.6424e-07,-0.6000000000000001,0,0
579,-0.36,-8.7666e-07,-0.6000000000000001,0,0
580,-0.37,-8.8928e-07,-0.6000000000000001,0,0
581,-0.38,-9.0778e-07,-0.6000000000000001,0,0
582,-0.39,-9.132e-07,-0.6000000000000001,0,0
583,-0.4,-9.2696e-07,-0.6000000000000001,0,0
584,-0.41,-9.388e-07,-0.6000000000000001,0,0
585,-0.42,-9.5074e-07,-0.6000000000000001,0,0
586,-0.43,-9.6368e-07,-0.6000000000000001,0,0
587,-0.44,-9.7608e-07,-0.6000000000000001,0,0
588,-0.45,-9.94e-07,-0.6000000000000001,0,0
589,-0.46,-1.00684e-06,-0.6000000000000001,0,0
590,-0.47,-1.01392e-06,-0.6000000000000001,0,0
591,-0.48,-1.02692e-06,-0.6000000000000001,0,0
592,-0.49,-1.03894e-06,-0.6000000000000001,0,0
593,-0.5,-1.05606e-06,-0.6000000000000001,0,0
594,-0.51,-1.0643e-06,-0.6000000000000001,0,0
595,-0.52,-1.08238e-06,-0.6000000000000001,0,0
596,-0.53,-1.09524e-06,-0.6000000000000001,0,0
597,-0.54,-1.1022e-06,-0.6000000000000001,0,0
598,-0.55,-1.12118e-06,-0.6000000000000001,0,0
599,-0.56,-1.12802e-06,-0.6000000000000001,0,0
600,-0.57,-1.14586e-06,-0.6000000000000001,0,0
601,-0.58,-1.1537e-06,-0.6000000000000001,0,0
602,-0.59,-1.1705e-06,-0.6000000000000001,0,0
603,-0.6,-1.1787e-06,-0.6000000000000001,0,0
604,-0.61,-1.1920000000000002e-06,-0.6000000000000001,0,0
605,-0.62,-1.2048e-06,-0.6000000000000001,0,0
606,-0.63,-1.2179e-06,-0.6000000000000001,0,0
607,-0.64,-1.2316000000000002e-06,-0.6000000000000001,0,0
608,-0.65,-1.2446e-06,-0.6000000000000001,0,0
609,-0.66,-1.2579e-06,-0.6000000000000001,0,0
610,-0.67,-1.2721e-06,-0.6000000000000001,0,0
611,-0.68,-1.2849000000000002e-06,-0.6000000000000001,0,0
612,-0.69,-1.2988000000000002e-06,-0.6000000000000001,0,0
613,-0.7,-1.3172e-06,-0.6000000000000001,0,0
614,-0.71,-1.3259e-06,-0.6000000000000001,0,0
615,-0.72,-1.34e-06,-0.6000000000000001,0,0
616,-0.73,-1.3531000000000002e-06,-0.6000000000000001,0,0
617,-0.74,-1.3669000000000002e-06,-0.6000000000000001,0,0
618,-0.75,-1.3799e-06,-0.6000000000000001,0,0
619,-0.76,-1.394e-06,-0.6000000000000001,0,0
620,-0.77,-1.4112e-06,-0.6000000000000001,0,0
621,-0.78,-1.4218e-06,-0.6000000000000001,0,0
622,-0.79,-1.4414e-06,-0.6000000000000001,0,0
623,-0.8,-1.4556e-06,-0.6000000000000001,0,0
624,-0.81,-1.4644e-06,-0.6000000000000001,0,0
625,-0.82,-1.4787e-06,-0.6000000000000001,0,0
626,-0.83,-1.4931000000000002e-06,-0.6000000000000001,0,0
627,-0.84,-1.5067e-06,-0.6000000000000001,0,0
628,-0.85,-1.5271000000000002e-06,-0.6000000000000001,0,0
629,-0.86,-1.5358000000000002e-06,-0.6000000000000001,0,0
630,-0.87,-1.5503000000000002e-06,-0.6000000000000001,0,0
631,-0.88,-1.5647000000000002e-06,-0.6000000000000001,0,0
632,-0.89,-1.5793e-06,-0.6000000000000001,0,0
633,-0.9,-1.6005000000000002e-06,-0.6000000000000001,0,0
634,-0.91,-1.6092000000000002e-06,-0.6000000000000001,0,0
635,-0.92,-1.6231000000000002e-06,-0.6000000000000001,0,0
636,-0.93,-1.6389e-06,-0.6000000000000001,0,0
637,-0.94,-1.6536e-06,-0.6000000000000001,0,0
638,-0.95,-1.6689000000000002e-06,-0.6000000000000001,0,0
639,-0.96,-1.6830000000000002e-06,-0.6000000000000001,0,0
640,-0.97,-1.7054000000000002e-06,-0.6000000000000001,0,0
641,-0.98,-1.7141000000000002e-06,-0.6000000000000001,0,0
642,-0.99,-1.7295e-06,-0.6000000000000001,0,0
643,-1.0,-1.7512000000000005e-06,-0.6000000000000001,0,0
644,-1.01,-1.7606e-06,-0.6000000000000001,0,0
645,-1.02,-1.7819000000000005e-06,-0.6000000000000001,0,0
646,-1.03,-1.7903000000000005e-06,-0.6000000000000001,0,0
647,-1.04,-1.8137e-06,-0.6000000000000001,0,0
648,-1.05,-1.8218000000000005e-06,-0.6000000000000001,0,0
649,-1.06,-1.8381e-06,-0.6000000000000001,0,0
650,-1.07,-1.8539e-06,-0.6000000000000001,0,0
651,-1.08,-1.869e-06,-0.6000000000000001,0,0
652,-1.09,-1.8882e-06,-0.6000000000000001,0,0
653,-1.1,-1.9090000000000003e-06,-0.6000000000000001,0,0
654,-1.11,-1.9171e-06,-0.6000000000000001,0,0
655,-1.12,-1.941e-06,-0.6000000000000001,0,0
656,-1.13,-1.9491e-06,-0.6000000000000001,0,0
657,-1.14,-1.9659e-06,-0.6000000000000001,0,0
658,-1.15,-1.9855000000000003e-06,-0.6000000000000001,0,0
659,-1.16,-2.0061e-06,-0.6000000000000001,0,0
660,-1.1700000000000002,-2.0143000000000003e-06,-0.6000000000000001,0,0
661,-1.1800000000000002,-2.03e-06,-0.6000000000000001,0,0
662,-1.19,-2.0477000000000003e-06,-0.6000000000000001,0,0
663,-1.2,-2.0718e-06,-0.6000000000000001,0,0
664,-1.21,-2.0838000000000003e-06,-0.6000000000000001,0,0
665,-1.22,-2.0974e-06,-0.6000000000000001,0,0
666,-1.23,-2.1148e-06,-0.6000000000000001,0,0
667,-1.24,-2.1312e-06,-0.6000000000000001,0,0
668,-1.25,-2.1478000000000004e-06,-0.6000000000000001,0,0
669,-1.26,-2.1646000000000004e-06,-0.6000000000000001,0,0
670,-1.27,-2.1824e-06,-0.6000000000000001,0,0
671,-1.28,-2.1988e-06,-0.6000000000000001,0,0
672,-1.29,-2.2252000000000003e-06,-0.6000000000000001,0,0
673,-1.3,-2.2336e-06,-0.6000000000000001,0,0
674,-1.31,-2.2508e-06,-0.6000000000000001,0,0
675,-1.32,-2.2675000000000003e-06,-0.6000000000000001,0,0
676,-1.33,-2.2948e-06,-0.6000000000000001,0,0
677,-1.34,-2.3037e-06,-0.6000000000000001,0,0
678,-1.35,-2.3208000000000003e-06,-0.6000000000000001,0,0
679,-1.36,-2.3386000000000004e-06,-0.6000000000000001,0,0
680,-1.37,-2.3565e-06,-0.6000000000000001,0,0
681,-1.38,-2.3745000000000003e-06,-0.6000000000000001,0,0
682,-1.39,-2.4021000000000003e-06,-0.6000000000000001,0,0
683,-1.4,-2.4112000000000003e-06,-0.6000000000000001,0,0
684,-1.41,-2.4294000000000004e-06,-0.6000000000000001,0,0
685,-1.4200000000000002,-2.4468000000000004e-06,-0.6000000000000001,0,0
686,-1.4300000000000002,-2.4662e-06,-0.6000000000000001,0,0
687,-1.4400000000000002,-2.4840000000000003e-06,-0.6000000000000001,0,0
688,-1.4500000000000002,-2.5028000000000004e-06,-0.6000000000000001,0,0
689,-1.46,-2.5211000000000003e-06,-0.6000000000000001,0,0
690,-1.47,-2.5379000000000003e-06,-0.6000000000000001,0,0
691,-1.48,-2.5581e-06,-0.6000000000000001,0,0
692,-1.49,-2.5766000000000005e-06,-0.6000000000000001,0,0
693,-1.5,-2.5942e-06,-0.6000000000000001,0,0
694,-1.51,-2.6137e-06,-0.6000000000000001,0,0
695,-1.52,-2.6444000000000005e-06,-0.6000000000000001,0,0
696,-1.53,-2.6532000000000003e-06,-0.6000000000000001,0,0
697,-1.54,-2.6715e-06,-0.6000000000000001,0,0
698,-1.55,-2.6915000000000004e-06,-0.6000000000000001,0,0
699,-1.56,-2.7216000000000003e-06,-0.6000000000000001,0,0
700,-1.57,-2.7312e-06,-0.6000000000000001,0,0
701,-1.58,-2.7493e-06,-0.6000000000000001,0,0
702,-1.59,-2.7697000000000003e-06,-0.6000000000000001,0,0
703,-1.6,-2.7892000000000003e-06,-0.6000000000000001,0,0
704,-1.61,-2.8095000000000004e-06,-0.6000000000000001,0,0
705,-1.62,-2.8296000000000004e-06,-0.6000000000000001,0,0
706,-1.63,-2.8493000000000004e-06,-0.6000000000000001,0,0
707,-1.64,-2.8694000000000004e-06,-0.6000000000000001,0,0
708,-1.65,-2.9006e-06,-0.6000000000000001,0,0
709,-1.66,-2.9098000000000005e-06,-0.6000000000000001,0,0
710,-1.6700000000000002,-2.9300000000000003e-06,-0.6000000000000001,0,0
711,-1.6800000000000002,-2.951e-06,-0.6000000000000001,0,0
712,-1.6900000000000002,-2.9816000000000004e-06,-0.6000000000000001,0,0
713,-1.7000000000000002,-2.9929e-06,-0.6000000000000001,0,0
714,-1.7100000000000002,-3.0129000000000004e-06,-0.6000000000000001,0,0
715,-1.72,-3.0345000000000003e-06,-0.6000000000000001,0,0
716,-1.73,-3.0556000000000004e-06,-0.6000000000000001,0,0
717,-1.74,-3.0769e-06,-0.6000000000000001,0,0
718,-1.75,-3.0971000000000004e-06,-0.6000000000000001,0,0
719,-1.76,-3.1285e-06,-0.6000000000000001,0,0
720,-1.77,-3.1394000000000004e-06,-0.6000000000000001,0,0
721,-1.78,-3.1610000000000003e-06,-0.6000000000000001,0,0
722,-1.79,-3.1837e-06,-0.6000000000000001,0,0
723,-1.8,-3.2048e-06,-0.6000000000000001,0,0
724,0.0,-3.48078e-08,-0.8,0,0
725,-0.01,-1.5235e-06,-0.8,0,0
726,-0.02,-2.8513e-06,-0.8,0,0
727,-0.03,-4.047100000000001e-06,-0.8,0,0
728,-0.04,-5.105300000000001e-06,-0.8,0,0
729,-0.05,-6.0553e-06,-0.8,0,0
730,-0.06,-6.896500000000001e-06,-0.8,0,0
731,-0.07,-7.6651e-06,-0.8,0,0
732,-0.08,-8.324e-06,-0.8,0,0
733,-0.09,-8.9244e-06,-0.8,0,0
734,-0.1,-9.4677e-06,-0.8,0,0
735,-0.11,-9.961e-06,-0.8,0,0
736,-0.12,-1.04023e-05,-0.8,0,0
737,-0.13,-1.08119e-05,-0.8,0,0
738,-0.14,-1.1197900000000002e-05,-0.8,0,0
739,-0.15,-1.1528e-05,-0.8,0,0
740,-0.16,-1.1848e-05,-0.8,0,0
741,-0.17,-1.2146e-05,-0.8,0,0
742,-0.18,-1.2424e-05,-0.8,0,0
743,-0.19,-1.2694e-05,-0.8,0,0
744,-0.2,-1.294e-05,-0.8,0,0
745,-0.21,-1.318e-05,-0.8,0,0
746,-0.22,-1.3402e-05,-0.8,0,0
747,-0.23,-1.3626e-05,-0.8,0,0
748,-0.24,-1.3862e-05,-0.8,0,0
749,-0.25,-1.4058e-05,-0.8,0,0
750,-0.26,-1.4236e-05,-0.8,0,0
751,-0.27,-1.443e-05,-0.8,0,0
752,-0.28,-1.4622e-05,-0.8,0,0
753,-0.29,-1.4822e-05,-0.8,0,0
754,-0.3,-1.5008e-05,-0.8,0,0
755,-0.31,-1.5158e-05,-0.8,0,0
756,-0.32,-1.5354e-05,-0.8,0,0
757,-0.33,-1.55e-05,-0.8,0,0
758,-0.34,-1.5668e-05,-0.8,0,0
759,-0.35,-1.5834e-05,-0.8,0,0
760,-0.36,-1.5998e-05,-0.8,0,0
761,-0.37,-1.6152e-05,-0.8,0,0
762,-0.38,-1.6312e-05,-0.8,0,0
763,-0.39,-1.6468000000000002e-05,-0.8,0,0
764,-0.4,-1.6632e-05,-0.8,0,0
765,-0.41,-1.6780000000000002e-05,-0.8,0,0
766,-0.42,-1.694e-05,-0.8,0,0
767,-0.43,-1.7088e-05,-0.8,0,0
768,-0.44,-1.7236e-05,-0.8,0,0
769,-0.45,-1.739e-05,-0.8,0,0
770,-0.46,-1.754e-05,-0.8,0,0
771,-0.47,-1.7684000000000002e-05,-0.8,0,0
772,-0.48,-1.783e-05,-0.8,0,0
773,-0.49,-1.7976000000000002e-05,-0.8,0,0
774,-0.5,-1.8144e-05,-0.8,0,0
775,-0.51,-1.8292e-05,-0.8,0,0
776,-0.52,-1.8412e-05,-0.8,0,0
777,-0.53,-1.855e-05,-0.8,0,0
778,-0.54,-1.8694e-05,-0.8,0,0
779,-0.55,-1.8836e-05,-0.8,0,0
780,-0.56,-1.8974e-05,-0.8,0,0
781,-0.57,-1.912e-05,-0.8,0,0
782,-0.58,-1.9282e-05,-0.8,0,0
783,-0.59,-1.9398e-05,-0.8,0,0
784,-0.6,-1.9524e-05,-0.8,0,0
785,-0.61,-1.967e-05,-0.8,0,0
786,-0.62,-1.981e-05,-0.8,0,0
787,-0.63,-1.9946e-05,-0.8,0,0
788,-0.64,-2.0086e-05,-0.8,0,0
789,-0.65,-2.0224e-05,-0.8,0,0
790,-0.66,-2.0358e-05,-0.8,0,0
791,-0.67,-2.0496e-05,-0.8,0,0
792,-0.68,-2.0638e-05,-0.8,0,0
793,-0.69,-2.077e-05,-0.8,0,0
794,-0.7,-2.093e-05,-0.8,0,0
795,-0.71,-2.104e-05,-0.8,0,0
796,-0.72,-2.1174e-05,-0.8,0,0
797,-0.73,-2.131e-05,-0.8,0,0
798,-0.74,-2.1444e-05,-0.8,0,0
799,-0.75,-2.158e-05,-0.8,0,0
800,-0.76,-2.1712e-05,-0.8,0,0
801,-0.77,-2.1878e-05,-0.8,0,0
802,-0.78,-2.2012e-05,-0.8,0,0
803,-0.79,-2.2144e-05,-0.8,0,0
804,-0.8,-2.2268e-05,-0.8,0,0
805,-0.81,-2.2412e-05,-0.8,0,0
806,-0.82,-2.2514e-05,-0.8,0,0
807,-0.83,-2.2652e-05,-0.8,0,0
808,-0.84,-2.2788e-05,-0.8,0,0
809,-0.85,-2.292e-05,-0.8,0,0
810,-0.86,-2.3076e-05,-0.8,0,0
811,-0.87,-2.319e-05,-0.8,0,0
812,-0.88,-2.3316e-05,-0.8,0,0
813,-0.89,-2.3452e-05,-0.8,0,0
814,-0.9,-2.359e-05,-0.8,0,0
815,-0.91,-2.3716e-05,-0.8,0,0
816,-0.92,-2.385e-05,-0.8,0,0
817,-0.93,-2.3986e-05,-0.8,0,0
818,-0.94,-2.412e-05,-0.8,0,0
819,-0.95,-2.4248e-05,-0.8,0,0
820,-0.96,-2.4378e-05,-0.8,0,0
821,-0.97,-2.4518e-05,-0.8,0,0
822,-0.98,-2.4652e-05,-0.8,0,0
823,-0.99,-2.4784e-05,-0.8,0,0
824,-1.0,-2.4916e-05,-0.8,0,0
825,-1.01,-2.5074e-05,-0.8,0,0
826,-1.02,-2.5182e-05,-0.8,0,0
827,-1.03,-2.5312e-05,-0.8,0,0
828,-1.04,-2.5446e-05,-0.8,0,0
829,-1.05,-2.5584e-05,-0.8,0,0
830,-1.06,-2.5744e-05,-0.8,0,0
831,-1.07,-2.585e-05,-0.8,0,0
832,-1.08,-2.5988000000000003e-05,-0.8,0,0
833,-1.09,-2.6114e-05,-0.8,0,0
834,-1.1,-2.6278e-05,-0.8,0,0
835,-1.11,-2.6382000000000003e-05,-0.8,0,0
836,-1.12,-2.6518000000000003e-05,-0.8,0,0
837,-1.13,-2.6644e-05,-0.8,0,0
838,-1.14,-2.6776e-05,-0.8,0,0
839,-1.15,-2.6918e-05,-0.8,0,0
840,-1.16,-2.7052e-05,-0.8,0,0
841,-1.1700000000000002,-2.7214e-05,-0.8,0,0
842,-1.1800000000000002,-2.7316e-05,-0.8,0,0
843,-1.19,-2.7448e-05,-0.8,0,0
844,-1.2,-2.7586e-05,-0.8,0,0
845,-1.21,-2.772e-05,-0.8,0,0
846,-1.22,-2.7854e-05,-0.8,0,0
847,-1.23,-2.799e-05,-0.8,0,0
848,-1.24,-2.8154e-05,-0.8,0,0
849,-1.25,-2.8252e-05,-0.8,0,0
850,-1.26,-2.8428e-05,-0.8,0,0
851,-1.27,-2.8528e-05,-0.8,0,0
852,-1.28,-2.8666e-05,-0.8,0,0
853,-1.29,-2.88e-05,-0.8,0,0
854,-1.3,-2.8932e-05,-0.8,0,0
855,-1.31,-2.907e-05,-0.8,0,0
856,-1.32,-2.9202000000000003e-05,-0.8,0,0
857,-1.33,-2.9344e-05,-0.8,0,0
858,-1.34,-2.9474000000000003e-05,-0.8,0,0
859,-1.35,-2.9618e-05,-0.8,0,0
860,-1.36,-2.9748e-05,-0.8,0,0
861,-1.37,-2.9884e-05,-0.8,0,0
862,-1.38,-3.0022e-05,-0.8,0,0
863,-1.39,-3.0152e-05,-0.8,0,0
864,-1.4,-3.0288e-05,-0.8,0,0
865,-1.41,-3.0432000000000003e-05,-0.8,0,0
866,-1.4200000000000002,-3.056e-05,-0.8,0,0
867,-1.4300000000000002,-3.0704e-05,-0.8,0,0
868,-1.4400000000000002,-3.0832e-05,-0.8,0,0
869,-1.4500000000000002,-3.0978e-05,-0.8,0,0
870,-1.46,-3.1112e-05,-0.8,0,0
871,-1.47,-3.1286e-05,-0.8,0,0
872,-1.48,-3.1388e-05,-0.8,0,0
873,-1.49,-3.153e-05,-0.8,0,0
874,-1.5,-3.1664e-05,-0.8,0,0
875,-1.51,-3.1806e-05,-0.8,0,0
876,-1.52,-3.1958e-05,-0.8,0,0
877,-1.53,-3.2088e-05,-0.8,0,0
878,-1.54,-3.222e-05,-0.8,0,0
879,-1.55,-3.236e-05,-0.8,0,0
880,-1.56,-3.2538e-05,-0.8,0,0
881,-1.57,-3.264e-05,-0.8,0,0
882,-1.58,-3.2778000000000004e-05,-0.8,0,0
883,-1.59,-3.2948000000000004e-05,-0.8,0,0
884,-1.6,-3.3054e-05,-0.8,0,0
885,-1.61,-3.3234e-05,-0.8,0,0
886,-1.62,-3.3338e-05,-0.8,0,0
887,-1.63,-3.3508e-05,-0.8,0,0
888,-1.64,-3.3616e-05,-0.8,0,0
889,-1.65,-3.3796e-05,-0.8,0,0
890,-1.66,-3.3904e-05,-0.8,0,0
891,-1.6700000000000002,-3.4044e-05,-0.8,0,0
892,-1.6800000000000002,-3.4218000000000003e-05,-0.8,0,0
893,-1.6900000000000002,-3.4332e-05,-0.8,0,0
894,-1.7000000000000002,-3.4468e-05,-0.8,0,0
895,-1.7100000000000002,-3.461e-05,-0.8,0,0
896,-1.72,-3.4790000000000004e-05,-0.8,0,0
897,-1.73,-3.4898000000000004e-05,-0.8,0,0
898,-1.74,-3.5034000000000004e-05,-0.8,0,0
899,-1.75,-3.5178e-05,-0.8,0,0
900,-1.76,-3.5324e-05,-0.8,0,0
901,-1.77,-3.5472e-05,-0.8,0,0
902,-1.78,-3.5640000000000004e-05,-0.8,0,0
903,-1.79,-3.5756e-05,-0.8,0,0
904,-1.8,-3.5896e-05,-0.8,0,0
905,0.0,-5.3268e-08,-1.0,0,0
906,-0.01,-5.328200000000001e-06,-1.0,0,0
907,-0.02,-1.02819e-05,-1.0,0,0
908,-0.03,-1.504e-05,-1.0,0,0
909,-0.04,-1.9506e-05,-1.0,0,0
910,-0.05,-2.3768e-05,-1.0,0,0
911,-0.06,-2.7752e-05,-1.0,0,0
912,-0.07,-3.1514000000000004e-05,-1.0,0,0
913,-0.08,-3.5108e-05,-1.0,0,0
914,-0.09,-3.8416e-05,-1.0,0,0
915,-0.1,-4.1568e-05,-1.0,0,0
916,-0.11,-4.4514e-05,-1.0,0,0
917,-0.12,-4.7296e-05,-1.0,0,0
918,-0.13,-4.9902e-05,-1.0,0,0
919,-0.14,-5.2312e-05,-1.0,0,0
920,-0.15,-5.4626e-05,-1.0,0,0
921,-0.16,-5.6752e-05,-1.0,0,0
922,-0.17,-5.8762e-05,-1.0,0,0
923,-0.18,-6.0658e-05,-1.0,0,0
924,-0.19,-6.2452e-05,-1.0,0,0
925,-0.2,-6.4148e-05,-1.0,0,0
926,-0.21,-6.57e-05,-1.0,0,0
927,-0.22,-6.7212e-05,-1.0,0,0
928,-0.23,-6.862200000000001e-05,-1.0,0,0
929,-0.24,-6.996e-05,-1.0,0,0
930,-0.25,-7.123000000000001e-05,-1.0,0,0
931,-0.26,-7.244e-05,-1.0,0,0
932,-0.27,-7.3586e-05,-1.0,0,0
933,-0.28,-7.4688e-05,-1.0,0,0
934,-0.29,-7.574e-05,-1.0,0,0
935,-0.3,-7.6776e-05,-1.0,0,0
936,-0.31,-7.7736e-05,-1.0,0,0
937,-0.32,-7.867e-05,-1.0,0,0
938,-0.33,-7.956e-05,-1.0,0,0
939,-0.34,-8.0416e-05,-1.0,0,0
940,-0.35,-8.1228e-05,-1.0,0,0
941,-0.36,-8.2048e-05,-1.0,0,0
942,-0.37,-8.282600000000001e-05,-1.0,0,0
943,-0.38,-8.3578e-05,-1.0,0,0
944,-0.39,-8.4322e-05,-1.0,0,0
945,-0.4,-8.505e-05,-1.0,0,0
946,-0.41,-8.5742e-05,-1.0,0,0
947,-0.42,-8.646000000000002e-05,-1.0,0,0
948,-0.43,-8.7136e-05,-1.0,0,0
949,-0.44,-8.775800000000002e-05,-1.0,0,0
950,-0.45,-8.8406e-05,-1.0,0,0
951,-0.46,-8.9046e-05,-1.0,0,0
952,-0.47,-8.9682e-05,-1.0,0,0
953,-0.48,-9.0296e-05,-1.0,0,0
954,-0.49,-9.0874e-05,-1.0,0,0
955,-0.5,-9.1452e-05,-1.0,0,0
956,-0.51,-9.203e-05,-1.0,0,0
957,-0.52,-9.2602e-05,-1.0,0,0
958,-0.53,-9.317e-05,-1.0,0,0
959,-0.54,-9.375e-05,-1.0,0,0
960,-0.55,-9.4306e-05,-1.0,0,0
961,-0.56,-9.485e-05,-1.0,0,0
962,-0.57,-9.5352e-05,-1.0,0,0
963,-0.58,-9.5888e-05,-1.0,0,0
964,-0.59,-9.6412e-05,-1.0,0,0
965,-0.6,-9.694e-05,-1.0,0,0
966,-0.61,-9.744e-05,-1.0,0,0
967,-0.62,-9.7942e-05,-1.0,0,0
968,-0.63,-9.8448e-05,-1.0,0,0
969,-0.64,-9.8952e-05,-1.0,0,0
970,-0.65,-9.948e-05,-1.0,0,0
971,-0.66,-9.9936e-05,-1.0,0,0
972,-0.67,-0.000100426,-1.0,0,0
973,-0.68,-0.000100914,-1.0,0,0
974,-0.69,-0.000101394,-1.0,0,0
975,-0.7,-0.000101892,-1.0,0,0
976,-0.71,-0.000102336,-1.0,0,0
977,-0.72,-0.00010282,-1.0,0,0
978,-0.73,-0.000103276,-1.0,0,0
979,-0.74,-0.000103734,-1.0,0,0
980,-0.75,-0.000104206,-1.0,0,0
981,-0.76,-0.00010466,-1.0,0,0
982,-0.77,-0.000105114,-1.0,0,0
983,-0.78,-0.000105566,-1.0,0,0
984,-0.79,-0.000106024,-1.0,0,0
985,-0.8,-0.000106464,-1.0,0,0
986,-0.81,-0.000106896,-1.0,0,0
987,-0.82,-0.000107372,-1.0,0,0
988,-0.83,-0.00010781,-1.0,0,0
989,-0.84,-0.000108232,-1.0,0,0
990,-0.85,-0.000108682,-1.0,0,0
991,-0.86,-0.000109126,-1.0,0,0
992,-0.87,-0.000109582,-1.0,0,0
993,-0.88,-0.000109972,-1.0,0,0
994,-0.89,-0.000110412,-1.0,0,0
995,-0.9,-0.00011088,-1.0,0,0
996,-0.91,-0.000111266,-1.0,0,0
997,-0.92,-0.000111692,-1.0,0,0
998,-0.93,-0.000112126,-1.0,0,0
999,-0.94,-0.00011256,-1.0,0,0
1000,-0.95,-0.00011297,-1.0,0,0
1001,-0.96,-0.000113382,-1.0,0,0
1002,-0.97,-0.000113818,-1.0,0,0
1003,-0.98,-0.000114244,-1.0,0,0
1004,-0.99,-0.000114654,-1.0,0,0
1005,-1.0,-0.0001151,-1.0,0,0
1006,-1.01,-0.00011552,-1.0,0,0
1007,-1.02,-0.00011592,-1.0,0,0
1008,-1.03,-0.00011636,-1.0,0,0
1009,-1.04,-0.00011674,-1.0,0,0
1010,-1.05,-0.00011718,-1.0,0,0
1011,-1.06,-0.00011758,-1.0,0,0
1012,-1.07,-0.000118,-1.0,0,0
1013,-1.08,-0.00011838,-1.0,0,0
1014,-1.09,-0.00011878,-1.0,0,0
1015,-1.1,-0.00011922,-1.0,0,0
1016,-1.11,-0.00011964,-1.0,0,0
1017,-1.12,-0.00012004,-1.0,0,0
1018,-1.13,-0.00012042,-1.0,0,0
1019,-1.14,-0.00012082,-1.0,0,0
1020,-1.15,-0.00012124,-1.0,0,0
1021,-1.16,-0.00012164,-1.0,0,0
1022,-1.1700000000000002,-0.00012204,-1.0,0,0
1023,-1.1800000000000002,-0.00012244,-1.0,0,0
1024,-1.19,-0.00012282,-1.0,0,0
1025,-1.2,-0.0001232,-1.0,0,0
1026,-1.21,-0.00012366,-1.0,0,0
1027,-1.22,-0.00012404,-1.0,0,0
1028,-1.23,-0.00012442,-1.0,0,0
1029,-1.24,-0.0001248,-1.0,0,0
1030,-1.25,-0.0001252,-1.0,0,0
1031,-1.26,-0.00012564,-1.0,0,0
1032,-1.27,-0.00012604,-1.0,0,0
1033,-1.28,-0.00012642,-1.0,0,0
1034,-1.29,-0.0001268,-1.0,0,0
1035,-1.3,-0.00012718,-1.0,0,0
1036,-1.31,-0.00012758,-1.0,0,0
1037,-1.32,-0.00012796,-1.0,0,0
1038,-1.33,-0.00012842,-1.0,0,0
1039,-1.34,-0.00012876,-1.0,0,0
1040,-1.35,-0.00012916,-1.0,0,0
1041,-1.36,-0.00012956,-1.0,0,0
1042,-1.37,-0.00012996,-1.0,0,0
1043,-1.38,-0.00013028,-1.0,0,0
1044,-1.39,-0.0001307,-1.0,0,0
1045,-1.4,-0.0001311,-1.0,0,0
1046,-1.41,-0.00013144,-1.0,0,0
1047,-1.4200000000000002,-0.00013184,-1.0,0,0
1048,-1.4300000000000002,-0.00013226,-1.0,0,0
1049,-1.4400000000000002,-0.00013262,-1.0,0,0
1050,-1.4500000000000002,-0.000133,-1.0,0,0
1051,-1.46,-0.0001334,-1.0,0,0
1052,-1.47,-0.0001338,-1.0,0,0
1053,-1.48,-0.00013416,-1.0,0,0
1054,-1.49,-0.00013458,-1.0,0,0
1055,-1.5,-0.00013496,-1.0,0,0
1056,-1.51,-0.00013536,-1.0,0,0
1057,-1.52,-0.0001357,-1.0,0,0
1058,-1.53,-0.00013608,-1.0,0,0
1059,-1.54,-0.0001365,-1.0,0,0
1060,-1.55,-0.0001369,-1.0,0,0
1061,-1.56,-0.00013728,-1.0,0,0
1062,-1.57,-0.00013766,-1.0,0,0
1063,-1.58,-0.00013804,-1.0,0,0
1064,-1.59,-0.00013842,-1.0,0,0
1065,-1.6,-0.0001388,-1.0,0,0
1066,-1.61,-0.00013918,-1.0,0,0
1067,-1.62,-0.0001396,-1.0,0,0
1068,-1.63,-0.00013994,-1.0,0,0
1069,-1.64,-0.00014036,-1.0,0,0
1070,-1.65,-0.00014072,-1.0,0,0
1071,-1.66,-0.00014114,-1.0,0,0
1072,-1.6700000000000002,-0.00014152,-1.0,0,0
1073,-1.6800000000000002,-0.00014188,-1.0,0,0
1074,-1.6900000000000002,-0.00014226,-1.0,0,0
1075,-1.7000000000000002,-0.00014268,-1.0,0,0
1076,-1.7100000000000002,-0.00014304,-1.0,0,0
1077,-1.72,-0.00014342,-1.0,0,0
1078,-1.73,-0.00014376,-1.0,0,0
1079,-1.74,-0.0001442,-1.0,0,0
1080,-1.75,-0.00014454,-1.0,0,0
1081,-1.76,-0.00014494,-1.0,0,0
1082,-1.77,-0.00014536,-1.0,0,0
1083,-1.78,-0.00014568,-1.0,0,0
1084,-1.79,-0.00014612,-1.0,0,0
1085,-1.8,-0.00014644,-1.0,0,0
1086,0.0,-6.240759999999999e-08,-1.2000000000000002,0,0
1087,-0.01,-9.8804e-06,-1.2000000000000002,0,0
1088,-0.02,-1.9434e-05,-1.2000000000000002,0,0
1089,-0.03,-2.88e-05,-1.2000000000000002,0,0
1090,-0.04,-3.7796e-05,-1.2000000000000002,0,0
1091,-0.05,-4.6584e-05,-1.2000000000000002,0,0
1092,-0.06,-5.505e-05,-1.2000000000000002,0,0
1093,-0.07,-6.3252e-05,-1.2000000000000002,0,0
1094,-0.08,-7.1254e-05,-1.2000000000000002,0,0
1095,-0.09,-7.894400000000002e-05,-1.2000000000000002,0,0
1096,-0.1,-8.6368e-05,-1.2000000000000002,0,0
1097,-0.11,-9.3596e-05,-1.2000000000000002,0,0
1098,-0.12,-0.00010052,-1.2000000000000002,0,0
1099,-0.13,-0.000107236,-1.2000000000000002,0,0
1100,-0.14,-0.000113658,-1.2000000000000002,0,0
1101,-0.15,-0.0001199,-1.2000000000000002,0,0
1102,-0.16,-0.00012584,-1.2000000000000002,0,0
1103,-0.17,-0.00013156,-1.2000000000000002,0,0
1104,-0.18,-0.00013706,-1.2000000000000002,0,0
1105,-0.19,-0.00014234,-1.2000000000000002,0,0
1106,-0.2,-0.00014742,-1.2000000000000002,0,0
1107,-0.21,-0.00015224,-1.2000000000000002,0,0
1108,-0.22,-0.00015692,-1.2000000000000002,0,0
1109,-0.23,-0.00016136,-1.2000000000000002,0,0
1110,-0.24,-0.00016564,-1.2000000000000002,0,0
1111,-0.25,-0.00016972,-1.2000000000000002,0,0
1112,-0.26,-0.00017364,-1.2000000000000002,0,0
1113,-0.27,-0.00017742,-1.2000000000000002,0,0
1114,-0.28,-0.00018098,-1.2000000000000002,0,0
1115,-0.29,-0.00018442,-1.2000000000000002,0,0
1116,-0.3,-0.00018778,-1.2000000000000002,0,0
1117,-0.31,-0.0001909,-1.2000000000000002,0,0
1118,-0.32,-0.00019396,-1.2000000000000002,0,0
1119,-0.33,-0.00019688,-1.2000000000000002,0,0
1120,-0.34,-0.00019966,-1.2000000000000002,0,0
1121,-0.35,-0.0002023,-1.2000000000000002,0,0
1122,-0.36,-0.00020492,-1.2000000000000002,0,0
1123,-0.37,-0.0002074,-1.2000000000000002,0,0
1124,-0.38,-0.0002098,-1.2000000000000002,0,0
1125,-0.39,-0.0002121,-1.2000000000000002,0,0
1126,-0.4,-0.00021436,-1.2000000000000002,0,0
1127,-0.41,-0.00021652,-1.2000000000000002,0,0
1128,-0.42,-0.00021852,-1.2000000000000002,0,0
1129,-0.43,-0.00022056,-1.2000000000000002,0,0
1130,-0.44,-0.00022242,-1.2000000000000002,0,0
1131,-0.45,-0.00022422,-1.2000000000000002,0,0
1132,-0.46,-0.00022606,-1.2000000000000002,0,0
1133,-0.47,-0.00022788,-1.2000000000000002,0,0
1134,-0.48,-0.00022962,-1.2000000000000002,0,0
1135,-0.49,-0.00023124,-1.2000000000000002,0,0
1136,-0.5,-0.00023282,-1.2000000000000002,0,0
1137,-0.51,-0.00023444,-1.2000000000000002,0,0
1138,-0.52,-0.00023588,-1.2000000000000002,0,0
1139,-0.53,-0.00023736,-1.2000000000000002,0,0
1140,-0.54,-0.00023886,-1.2000000000000002,0,0
1141,-0.55,-0.00024028,-1.2000000000000002,0,0
1142,-0.56,-0.00024164,-1.2000000000000002,0,0
1143,-0.57,-0.00024292,-1.2000000000000002,0,0
1144,-0.58,-0.00024422,-1.2000000000000002,0,0
1145,-0.59,-0.00024554,-1.2000000000000002,0,0
1146,-0.6,-0.0002468,-1.2000000000000002,0,0
1147,-0.61,-0.0002481,-1.2000000000000002,0,0
1148,-0.62,-0.00024938,-1.2000000000000002,0,0
1149,-0.63,-0.00025068,-1.2000000000000002,0,0
1150,-0.64,-0.00025176,-1.2000000000000002,0,0
1151,-0.65,-0.00025286,-1.2000000000000002,0,0
1152,-0.66,-0.00025402,-1.2000000000000002,0,0
1153,-0.67,-0.0002552,-1.2000000000000002,0,0
1154,-0.68,-0.00025622,-1.2000000000000002,0,0
1155,-0.69,-0.00025744,-1.2000000000000002,0,0
1156,-0.7,-0.0002585,-1.2000000000000002,0,0
1157,-0.71,-0.00025956,-1.2000000000000002,0,0
1158,-0.72,-0.00026056,-1.2000000000000002,0,0
1159,-0.73,-0.0002616,-1.2000000000000002,0,0
1160,-0.74,-0.00026266,-1.2000000000000002,0,0
1161,-0.75,-0.00026368,-1.2000000000000002,0,0
1162,-0.76,-0.00026462,-1.2000000000000002,0,0
1163,-0.77,-0.00026566,-1.2000000000000002,0,0
1164,-0.78,-0.00026666,-1.2000000000000002,0,0
1165,-0.79,-0.00026756,-1.2000000000000002,0,0
1166,-0.8,-0.00026846,-1.2000000000000002,0,0
1167,-0.81,-0.00026944,-1.2000000000000002,0,0
1168,-0.82,-0.00027042,-1.2000000000000002,0,0
1169,-0.83,-0.00027126,-1.2000000000000002,0,0
1170,-0.84,-0.00027228,-1.2000000000000002,0,0
1171,-0.85,-0.00027326,-1.2000000000000002,0,0
1172,-0.86,-0.00027406,-1.2000000000000002,0,0
1173,-0.87,-0.00027498,-1.2000000000000002,0,0
1174,-0.88,-0.00027586,-1.2000000000000002,0,0
1175,-0.89,-0.00027676,-1.2000000000000002,0,0
1176,-0.9,-0.00027758,-1.2000000000000002,0,0
1177,-0.91,-0.0002785,-1.2000000000000002,0,0
1178,-0.92,-0.0002794,-1.2000000000000002,0,0
1179,-0.93,-0.00028026,-1.2000000000000002,0,0
1180,-0.94,-0.00028108,-1.2000000000000002,0,0
1181,-0.95,-0.00028198,-1.2000000000000002,0,0
1182,-0.96,-0.0002828,-1.2000000000000002,0,0
1183,-0.97,-0.00028356,-1.2000000000000002,0,0
1184,-0.98,-0.00028442,-1.2000000000000002,0,0
1185,-0.99,-0.00028524,-1.2000000000000002,0,0
1186,-1.0,-0.00028608,-1.2000000000000002,0,0
1187,-1.01,-0.00028688,-1.2000000000000002,0,0
1188,-1.02,-0.00028766,-1.2000000000000002,0,0
1189,-1.03,-0.00028852,-1.2000000000000002,0,0
1190,-1.04,-0.00028932,-1.2000000000000002,0,0
1191,-1.05,-0.00029008,-1.2000000000000002,0,0
1192,-1.06,-0.0002909,-1.2000000000000002,0,0
1193,-1.07,-0.0002917,-1.2000000000000002,0,0
1194,-1.08,-0.0002925,-1.2000000000000002,0,0
1195,-1.09,-0.0002933,-1.2000000000000002,0,0
1196,-1.1,-0.00029406,-1.2000000000000002,0,0
1197,-1.11,-0.00029482,-1.2000000000000002,0,0
1198,-1.12,-0.0002956,-1.2000000000000002,0,0
1199,-1.13,-0.00029638,-1.2000000000000002,0,0
1200,-1.14,-0.00029712,-1.2000000000000002,0,0
1201,-1.15,-0.00029788,-1.2000000000000002,0,0
1202,-1.16,-0.0002987,-1.2000000000000002,0,0
1203,-1.1700000000000002,-0.0002994,-1.2000000000000002,0,0
1204,-1.1800000000000002,-0.0003002,-1.2000000000000002,0,0
1205,-1.19,-0.0003009,-1.2000000000000002,0,0
1206,-1.2,-0.00030166,-1.2000000000000002,0,0
1207,-1.21,-0.0003024,-1.2000000000000002,0,0
1208,-1.22,-0.00030316,-1.2000000000000002,0,0
1209,-1.23,-0.00030392,-1.2000000000000002,0,0
1210,-1.24,-0.00030464,-1.2000000000000002,0,0
1211,-1.25,-0.00030538,-1.2000000000000002,0,0
1212,-1.26,-0.00030614,-1.2000000000000002,0,0
1213,-1.27,-0.00030684,-1.2000000000000002,0,0
1214,-1.28,-0.00030754,-1.2000000000000002,0,0
1215,-1.29,-0.00030828,-1.2000000000000002,0,0
1216,-1.3,-0.00030902,-1.2000000000000002,0,0
1217,-1.31,-0.00030978,-1.2000000000000002,0,0
1218,-1.32,-0.0003105,-1.2000000000000002,0,0
1219,-1.33,-0.0003112,-1.2000000000000002,0,0
1220,-1.34,-0.00031188,-1.2000000000000002,0,0
1221,-1.35,-0.00031266,-1.2000000000000002,0,0
1222,-1.36,-0.0003133,-1.2000000000000002,0,0
1223,-1.37,-0.00031404,-1.2000000000000002,0,0
1224,-1.38,-0.0003148,-1.2000000000000002,0,0
1225,-1.39,-0.0003155,-1.2000000000000002,0,0
1226,-1.4,-0.00031618,-1.2000000000000002,0,0
1227,-1.41,-0.00031694,-1.2000000000000002,0,0
1228,-1.4200000000000002,-0.00031758,-1.2000000000000002,0,0
1229,-1.4300000000000002,-0.0003183,-1.2000000000000002,0,0
1230,-1.4400000000000002,-0.00031902,-1.2000000000000002,0,0
1231,-1.4500000000000002,-0.00031968,-1.2000000000000002,0,0
1232,-1.46,-0.00032038,-1.2000000000000002,0,0
1233,-1.47,-0.0003211,-1.2000000000000002,0,0
1234,-1.48,-0.00032176,-1.2000000000000002,0,0
1235,-1.49,-0.00032256,-1.2000000000000002,0,0
1236,-1.5,-0.00032316,-1.2000000000000002,0,0
1237,-1.51,-0.00032386,-1.2000000000000002,0,0
1238,-1.52,-0.00032464,-1.2000000000000002,0,0
1239,-1.53,-0.0003253,-1.2000000000000002,0,0
1240,-1.54,-0.00032588,-1.2000000000000002,0,0
1241,-1.55,-0.00032658,-1.2000000000000002,0,0
1242,-1.56,-0.00032732,-1.2000000000000002,0,0
1243,-1.57,-0.000328,-1.2000000000000002,0,0
1244,-1.58,-0.00032862,-1.2000000000000002,0,0
1245,-1.59,-0.0003293,-1.2000000000000002,0,0
1246,-1.6,-0.00033,-1.2000000000000002,0,0
1247,-1.61,-0.0003307,-1.2000000000000002,0,0
1248,-1.62,-0.00033136,-1.2000000000000002,0,0
1249,-1.63,-0.00033208,-1.2000000000000002,0,0
1250,-1.64,-0.00033268,-1.2000000000000002,0,0
1251,-1.65,-0.0003334,-1.2000000000000002,0,0
1252,-1.66,-0.00033404,-1.2000000000000002,0,0
1253,-1.6700000000000002,-0.00033468,-1.2000000000000002,0,0
1254,-1.6800000000000002,-0.0003354,-1.2000000000000002,0,0
1255,-1.6900000000000002,-0.00033608,-1.2000000000000002,0,0
1256,-1.7000000000000002,-0.00033672,-1.2000000000000002,0,0
1257,-1.7100000000000002,-0.00033734,-1.2000000000000002,0,0
1258,-1.72,-0.00033802,-1.2000000000000002,0,0
1259,-1.73,-0.00033868,-1.2000000000000002,0,0
1260,-1.74,-0.00033934,-1.2000000000000002,0,0
1261,-1.75,-0.00034002,-1.2000000000000002,0,0
1262,-1.76,-0.00034072,-1.2000000000000002,0,0
1263,-1.77,-0.00034134,-1.2000000000000002,0,0
1264,-1.78,-0.00034202,-1.2000000000000002,0,0
1265,-1.79,-0.00034262,-1.2000000000000002,0,0
1266,-1.8,-0.00034324,-1.2000000000000002,0,0
1267,0.0,-9.16178e-08,-1.4000000000000001,0,0
1268,-0.01,-1.3948e-05,-1.4000000000000001,0,0
1269,-0.02,-2.7564e-05,-1.4000000000000001,0,0
1270,-0.03,-4.105e-05,-1.4000000000000001,0,0
1271,-0.04,-5.4228e-05,-1.4000000000000001,0,0
1272,-0.05,-6.724e-05,-1.4000000000000001,0,0
1273,-0.06,-7.9974e-05,-1.4000000000000001,0,0
1274,-0.07,-9.2414e-05,-1.4000000000000001,0,0
1275,-0.08,-0.000104726,-1.4000000000000001,0,0
1276,-0.09,-0.00011676,-1.4000000000000001,0,0
1277,-0.1,-0.0001285,-1.4000000000000001,0,0
1278,-0.11,-0.00014012,-1.4000000000000001,0,0
1279,-0.12,-0.00015138,-1.4000000000000001,0,0
1280,-0.13,-0.0001625,-1.4000000000000001,0,0
1281,-0.14,-0.00017324,-1.4000000000000001,0,0
1282,-0.15,-0.00018382,-1.4000000000000001,0,0
1283,-0.16,-0.00019412,-1.4000000000000001,0,0
1284,-0.17,-0.0002042,-1.4000000000000001,0,0
1285,-0.18,-0.00021394,-1.4000000000000001,0,0
1286,-0.19,-0.00022358,-1.4000000000000001,0,0
1287,-0.2,-0.00023282,-1.4000000000000001,0,0
1288,-0.21,-0.00024186,-1.4000000000000001,0,0
1289,-0.22,-0.00025074,-1.4000000000000001,0,0
1290,-0.23,-0.0002593,-1.4000000000000001,0,0
1291,-0.24,-0.00026774,-1.4000000000000001,0,0
1292,-0.25,-0.00027582,-1.4000000000000001,0,0
1293,-0.26,-0.00028364,-1.4000000000000001,0,0
1294,-0.27,-0.00029126,-1.4000000000000001,0,0
1295,-0.28,-0.00029872,-1.4000000000000001,0,0
1296,-0.29,-0.00030584,-1.4000000000000001,0,0
1297,-0.3,-0.00031288,-1.4000000000000001,0,0
1298,-0.31,-0.0003196,-1.4000000000000001,0,0
1299,-0.32,-0.00032618,-1.4000000000000001,0,0
1300,-0.33,-0.00033248,-1.4000000000000001,0,0
1301,-0.34,-0.00033856,-1.4000000000000001,0,0
1302,-0.35,-0.00034452,-1.4000000000000001,0,0
1303,-0.36,-0.00035038,-1.4000000000000001,0,0
1304,-0.37,-0.00035588,-1.4000000000000001,0,0
1305,-0.38,-0.00036114,-1.4000000000000001,0,0
1306,-0.39,-0.00036638,-1.4000000000000001,0,0
1307,-0.4,-0.00037138,-1.4000000000000001,0,0
1308,-0.41,-0.00037618,-1.4000000000000001,0,0
1309,-0.42,-0.00038098,-1.4000000000000001,0,0
1310,-0.43,-0.00038544,-1.4000000000000001,0,0
1311,-0.44,-0.00038988,-1.4000000000000001,0,0
1312,-0.45,-0.00039406,-1.4000000000000001,0,0
1313,-0.46,-0.0003982,-1.4000000000000001,0,0
1314,-0.47,-0.00040214,-1.4000000000000001,0,0
1315,-0.48,-0.00040604,-1.4000000000000001,0,0
1316,-0.49,-0.00040968,-1.4000000000000001,0,0
1317,-0.5,-0.00041328,-1.4000000000000001,0,0
1318,-0.51,-0.0004168,-1.4000000000000001,0,0
1319,-0.52,-0.0004202,-1.4000000000000001,0,0
1320,-0.53,-0.00042344,-1.4000000000000001,0,0
1321,-0.54,-0.00042668,-1.4000000000000001,0,0
1322,-0.55,-0.00042982,-1.4000000000000001,0,0
1323,-0.56,-0.00043276,-1.4000000000000001,0,0
1324,-0.57,-0.00043566,-1.4000000000000001,0,0
1325,-0.58,-0.00043854,-1.4000000000000001,0,0
1326,-0.59,-0.0004413,-1.4000000000000001,0,0
1327,-0.6,-0.0004439,-1.4000000000000001,0,0
1328,-0.61,-0.0004465,-1.4000000000000001,0,0
1329,-0.62,-0.00044904,-1.4000000000000001,0,0
1330,-0.63,-0.00045158,-1.4000000000000001,0,0
1331,-0.64,-0.00045396,-1.4000000000000001,0,0
1332,-0.65,-0.00045628,-1.4000000000000001,0,0
1333,-0.66,-0.0004586,-1.4000000000000001,0,0
1334,-0.67,-0.00046092,-1.4000000000000001,0,0
1335,-0.68,-0.00046308,-1.4000000000000001,0,0
1336,-0.69,-0.0004652,-1.4000000000000001,0,0
1337,-0.7,-0.00046728,-1.4000000000000001,0,0
1338,-0.71,-0.00046942,-1.4000000000000001,0,0
1339,-0.72,-0.00047136,-1.4000000000000001,0,0
1340,-0.73,-0.00047334,-1.4000000000000001,0,0
1341,-0.74,-0.00047532,-1.4000000000000001,0,0
1342,-0.75,-0.00047724,-1.4000000000000001,0,0
1343,-0.76,-0.00047908,-1.4000000000000001,0,0
1344,-0.77,-0.00048092,-1.4000000000000001,0,0
1345,-0.78,-0.0004827,-1.4000000000000001,0,0
1346,-0.79,-0.00048442,-1.4000000000000001,0,0
1347,-0.8,-0.00048618,-1.4000000000000001,0,0
1348,-0.81,-0.0004879,-1.4000000000000001,0,0
1349,-0.82,-0.00048962,-1.4000000000000001,0,0
1350,-0.83,-0.0004912,-1.4000000000000001,0,0
1351,-0.84,-0.00049286,-1.4000000000000001,0,0
1352,-0.85,-0.00049446,-1.4000000000000001,0,0
1353,-0.86,-0.000496,-1.4000000000000001,0,0
1354,-0.87,-0.00049758,-1.4000000000000001,0,0
1355,-0.88,-0.00049914,-1.4000000000000001,0,0
1356,-0.89,-0.00050064,-1.4000000000000001,0,0
1357,-0.9,-0.0005022,-1.4000000000000001,0,0
1358,-0.91,-0.00050362,-1.4000000000000001,0,0
1359,-0.92,-0.00050514,-1.4000000000000001,0,0
1360,-0.93,-0.00050656,-1.4000000000000001,0,0
1361,-0.94,-0.00050804,-1.4000000000000001,0,0
1362,-0.95,-0.00050942,-1.4000000000000001,0,0
1363,-0.96,-0.00051082,-1.4000000000000001,0,0
1364,-0.97,-0.0005122,-1.4000000000000001,0,0
1365,-0.98,-0.0005136,-1.4000000000000001,0,0
1366,-0.99,-0.00051494,-1.4000000000000001,0,0
1367,-1.0,-0.00051632,-1.4000000000000001,0,0
1368,-1.01,-0.00051756,-1.4000000000000001,0,0
1369,-1.02,-0.00051896,-1.4000000000000001,0,0
1370,-1.03,-0.00052024,-1.4000000000000001,0,0
1371,-1.04,-0.00052152,-1.4000000000000001,0,0
1372,-1.05,-0.00052282,-1.4000000000000001,0,0
1373,-1.06,-0.00052408,-1.4000000000000001,0,0
1374,-1.07,-0.00052538,-1.4000000000000001,0,0
1375,-1.08,-0.00052666,-1.4000000000000001,0,0
1376,-1.09,-0.00052782,-1.4000000000000001,0,0
1377,-1.1,-0.0005291,-1.4000000000000001,0,0
1378,-1.11,-0.00053032,-1.4000000000000001,0,0
1379,-1.12,-0.00053152,-1.4000000000000001,0,0
1380,-1.13,-0.00053276,-1.4000000000000001,0,0
1381,-1.14,-0.00053402,-1.4000000000000001,0,0
1382,-1.15,-0.00053516,-1.4000000000000001,0,0
1383,-1.16,-0.00053638,-1.4000000000000001,0,0
1384,-1.1700000000000002,-0.00053752,-1.4000000000000001,0,0
1385,-1.1800000000000002,-0.00053866,-1.4000000000000001,0,0
1386,-1.19,-0.00053988,-1.4000000000000001,0,0
1387,-1.2,-0.00054104,-1.4000000000000001,0,0
1388,-1.21,-0.00054214,-1.4000000000000001,0,0
1389,-1.22,-0.00054334,-1.4000000000000001,0,0
1390,-1.23,-0.00054452,-1.4000000000000001,0,0
1391,-1.24,-0.0005456,-1.4000000000000001,0,0
1392,-1.25,-0.00054672,-1.4000000000000001,0,0
1393,-1.26,-0.00054782,-1.4000000000000001,0,0
1394,-1.27,-0.00054896,-1.4000000000000001,0,0
1395,-1.28,-0.00055002,-1.4000000000000001,0,0
1396,-1.29,-0.00055114,-1.4000000000000001,0,0
1397,-1.3,-0.00055224,-1.4000000000000001,0,0
1398,-1.31,-0.00055334,-1.4000000000000001,0,0
1399,-1.32,-0.00055446,-1.4000000000000001,0,0
1400,-1.33,-0.00055546,-1.4000000000000001,0,0
1401,-1.34,-0.00055654,-1.4000000000000001,0,0
1402,-1.35,-0.00055766,-1.4000000000000001,0,0
1403,-1.36,-0.00055874,-1.4000000000000001,0,0
1404,-1.37,-0.00055978,-1.4000000000000001,0,0
1405,-1.38,-0.00056078,-1.4000000000000001,0,0
1406,-1.39,-0.0005619,-1.4000000000000001,0,0
1407,-1.4,-0.00056294,-1.4000000000000001,0,0
1408,-1.41,-0.00056392,-1.4000000000000001,0,0
1409,-1.4200000000000002,-0.000565,-1.4000000000000001,0,0
1410,-1.4300000000000002,-0.00056608,-1.4000000000000001,0,0
1411,-1.4400000000000002,-0.00056712,-1.4000000000000001,0,0
1412,-1.4500000000000002,-0.00056814,-1.4000000000000001,0,0
1413,-1.46,-0.00056912,-1.4000000000000001,0,0
1414,-1.47,-0.00057022,-1.4000000000000001,0,0
1415,-1.48,-0.00057124,-1.4000000000000001,0,0
1416,-1.49,-0.00057218,-1.4000000000000001,0,0
1417,-1.5,-0.0005732,-1.4000000000000001,0,0
1418,-1.51,-0.00057422,-1.4000000000000001,0,0
1419,-1.52,-0.00057526,-1.4000000000000001,0,0
1420,-1.53,-0.00057622,-1.4000000000000001,0,0
1421,-1.54,-0.00057718,-1.4000000000000001,0,0
1422,-1.55,-0.00057818,-1.4000000000000001,0,0
1423,-1.56,-0.00057926,-1.4000000000000001,0,0
1424,-1.57,-0.0005802,-1.4000000000000001,0,0
1425,-1.58,-0.00058118,-1.4000000000000001,0,0
1426,-1.59,-0.00058216,-1.4000000000000001,0,0
1427,-1.6,-0.00058316,-1.4000000000000001,0,0
1428,-1.61,-0.00058406,-1.4000000000000001,0,0
1429,-1.62,-0.00058502,-1.4000000000000001,0,0
1430,-1.63,-0.00058598,-1.4000000000000001,0,0
1431,-1.64,-0.00058704,-1.4000000000000001,0,0
1432,-1.65,-0.00058794,-1.4000000000000001,0,0
1433,-1.66,-0.00058888,-1.4000000000000001,0,0
1434,-1.6700000000000002,-0.00058988,-1.4000000000000001,0,0
1435,-1.6800000000000002,-0.00059086,-1.4000000000000001,0,0
1436,-1.6900000000000002,-0.0005918,-1.4000000000000001,0,0
1437,-1.7000000000000002,-0.00059276,-1.4000000000000001,0,0
1438,-1.7100000000000002,-0.00059372,-1.4000000000000001,0,0
1439,-1.72,-0.00059458,-1.4000000000000001,0,0
1440,-1.73,-0.0005956,-1.4000000000000001,0,0
1441,-1.74,-0.00059656,-1.4000000000000001,0,0
1442,-1.75,-0.00059746,-1.4000000000000001,0,0
1443,-1.76,-0.0005984,-1.4000000000000001,0,0
1444,-1.77,-0.00059936,-1.4000000000000001,0,0
1445,-1.78,-0.00060028,-1.4000000000000001,0,0
1446,-1.79,-0.00060122,-1.4000000000000001,0,0
1447,-1.8,-0.00060218,-1.4000000000000001,0,0
1448,0.0,-5.04954e-08,-1.6,0,0
1449,-0.01,-1.7114e-05,-1.6,0,0
1450,-0.02,-3.3962000000000005e-05,-1.6,0,0
1451,-0.03,-5.0758e-05,-1.6,0,0
1452,-0.04,-6.726800000000001e-05,-1.6,0,0
1453,-0.05,-8.3694e-05,-1.6,0,0
1454,-0.06,-9.9796e-05,-1.6,0,0
1455,-0.07,-0.00011578,-1.6,0,0
1456,-0.08,-0.00013158,-1.6,0,0
1457,-0.09,-0.00014712,-1.6,0,0
1458,-0.1,-0.00016248,-1.6,0,0
1459,-0.11,-0.00017772,-1.6,0,0
1460,-0.12,-0.00019262,-1.6,0,0
1461,-0.13,-0.00020738,-1.6,0,0
1462,-0.14,-0.0002219,-1.6,0,0
1463,-0.15,-0.00023618,-1.6,0,0
1464,-0.16,-0.00025032,-1.6,0,0
1465,-0.17,-0.00026418,-1.6,0,0
1466,-0.18,-0.00027784,-1.6,0,0
1467,-0.19,-0.00029128,-1.6,0,0
1468,-0.2,-0.00030446,-1.6,0,0
1469,-0.21,-0.00031746,-1.6,0,0
1470,-0.22,-0.00033026,-1.6,0,0
1471,-0.23,-0.00034276,-1.6,0,0
1472,-0.24,-0.0003551,-1.6,0,0
1473,-0.25,-0.00036716,-1.6,0,0
1474,-0.26,-0.00037898,-1.6,0,0
1475,-0.27,-0.00039064,-1.6,0,0
1476,-0.28,-0.00040198,-1.6,0,0
1477,-0.29,-0.00041308,-1.6,0,0
1478,-0.3,-0.000424,-1.6,0,0
1479,-0.31,-0.00043468,-1.6,0,0
1480,-0.32,-0.00044522,-1.6,0,0
1481,-0.33,-0.00045542,-1.6,0,0
1482,-0.34,-0.00046544,-1.6,0,0
1483,-0.35,-0.00047518,-1.6,0,0
1484,-0.36,-0.00048472,-1.6,0,0
1485,-0.37,-0.00049398,-1.6,0,0
1486,-0.38,-0.00050316,-1.6,0,0
1487,-0.39,-0.000512,-1.6,0,0
1488,-0.4,-0.00052062,-1.6,0,0
1489,-0.41,-0.00052898,-1.6,0,0
1490,-0.42,-0.00053736,-1.6,0,0
1491,-0.43,-0.0005453,-1.6,0,0
1492,-0.44,-0.00055306,-1.6,0,0
1493,-0.45,-0.00056072,-1.6,0,0
1494,-0.46,-0.00056816,-1.6,0,0
1495,-0.47,-0.00057526,-1.6,0,0
1496,-0.48,-0.00058234,-1.6,0,0
1497,-0.49,-0.00058914,-1.6,0,0
1498,-0.5,-0.00059572,-1.6,0,0
1499,-0.51,-0.00060216,-1.6,0,0
1500,-0.52,-0.00060848,-1.6,0,0
1501,-0.53,-0.00061464,-1.6,0,0
1502,-0.54,-0.00062052,-1.6,0,0
1503,-0.55,-0.0006263,-1.6,0,0
1504,-0.56,-0.00063198,-1.6,0,0
1505,-0.57,-0.0006374,-1.6,0,0
1506,-0.58,-0.00064264,-1.6,0,0
1507,-0.59,-0.00064784,-1.6,0,0
1508,-0.6,-0.0006529,-1.6,0,0
1509,-0.61,-0.00065776,-1.6,0,0
1510,-0.62,-0.00066248,-1.6,0,0
1511,-0.63,-0.00066714,-1.6,0,0
1512,-0.64,-0.00067168,-1.6,0,0
1513,-0.65,-0.00067594,-1.6,0,0
1514,-0.66,-0.00068024,-1.6,0,0
1515,-0.67,-0.00068448,-1.6,0,0
1516,-0.68,-0.0006885,-1.6,0,0
1517,-0.69,-0.00069238,-1.6,0,0
1518,-0.7,-0.0006963,-1.6,0,0
1519,-0.71,-0.00070002,-1.6,0,0
1520,-0.72,-0.00070364,-1.6,0,0
1521,-0.73,-0.00070714,-1.6,0,0
1522,-0.74,-0.0007107,-1.6,0,0
1523,-0.75,-0.00071406,-1.6,0,0
1524,-0.76,-0.0007173,-1.6,0,0
1525,-0.77,-0.00072058,-1.6,0,0
1526,-0.78,-0.00072378,-1.6,0,0
1527,-0.79,-0.00072682,-1.6,0,0
1528,-0.8,-0.0007298,-1.6,0,0
1529,-0.81,-0.00073282,-1.6,0,0
1530,-0.82,-0.00073568,-1.6,0,0
1531,-0.83,-0.00073848,-1.6,0,0
1532,-0.84,-0.00074132,-1.6,0,0
1533,-0.85,-0.00074406,-1.6,0,0
1534,-0.86,-0.00074662,-1.6,0,0
1535,-0.87,-0.00074934,-1.6,0,0
1536,-0.88,-0.0007518,-1.6,0,0
1537,-0.89,-0.00075434,-1.6,0,0
1538,-0.9,-0.00075678,-1.6,0,0
1539,-0.91,-0.0007592,-1.6,0,0
1540,-0.92,-0.00076156,-1.6,0,0
1541,-0.93,-0.00076386,-1.6,0,0
1542,-0.94,-0.00076626,-1.6,0,0
1543,-0.95,-0.00076854,-1.6,0,0
1544,-0.96,-0.00077068,-1.6,0,0
1545,-0.97,-0.0007729,-1.6,0,0
1546,-0.98,-0.00077508,-1.6,0,0
1547,-0.99,-0.0007772,-1.6,0,0
1548,-1.0,-0.00077928,-1.6,0,0
1549,-1.01,-0.00078136,-1.6,0,0
1550,-1.02,-0.0007834,-1.6,0,0
1551,-1.03,-0.0007853,-1.6,0,0
1552,-1.04,-0.00078734,-1.6,0,0
1553,-1.05,-0.0007893,-1.6,0,0
1554,-1.06,-0.00079122,-1.6,0,0
1555,-1.07,-0.0007931,-1.6,0,0
1556,-1.08,-0.00079508,-1.6,0,0
1557,-1.09,-0.00079692,-1.6,0,0
1558,-1.1,-0.00079876,-1.6,0,0
1559,-1.11,-0.00080048,-1.6,0,0
1560,-1.12,-0.00080234,-1.6,0,0
1561,-1.13,-0.00080404,-1.6,0,0
1562,-1.14,-0.00080578,-1.6,0,0
1563,-1.15,-0.0008076,-1.6,0,0
1564,-1.16,-0.0008094,-1.6,0,0
1565,-1.1700000000000002,-0.000811,-1.6,0,0
1566,-1.1800000000000002,-0.00081266,-1.6,0,0
1567,-1.19,-0.0008145,-1.6,0,0
1568,-1.2,-0.00081604,-1.6,0,0
1569,-1.21,-0.0008176,-1.6,0,0
1570,-1.22,-0.00081932,-1.6,0,0
1571,-1.23,-0.00082106,-1.6,0,0
1572,-1.24,-0.00082246,-1.6,0,0
1573,-1.25,-0.0008241,-1.6,0,0
1574,-1.26,-0.00082582,-1.6,0,0
1575,-1.27,-0.0008273,-1.6,0,0
1576,-1.28,-0.0008287,-1.6,0,0
1577,-1.29,-0.00083022,-1.6,0,0
1578,-1.3,-0.00083192,-1.6,0,0
1579,-1.31,-0.00083334,-1.6,0,0
1580,-1.32,-0.00083486,-1.6,0,0
1581,-1.33,-0.00083654,-1.6,0,0
1582,-1.34,-0.00083792,-1.6,0,0
1583,-1.35,-0.0008393,-1.6,0,0
1584,-1.36,-0.00084082,-1.6,0,0
1585,-1.37,-0.00084242,-1.6,0,0
1586,-1.38,-0.00084374,-1.6,0,0
1587,-1.39,-0.00084522,-1.6,0,0
1588,-1.4,-0.00084668,-1.6,0,0
1589,-1.41,-0.0008481,-1.6,0,0
1590,-1.4200000000000002,-0.00084954,-1.6,0,0
1591,-1.4300000000000002,-0.0008509,-1.6,0,0
1592,-1.4400000000000002,-0.00085234,-1.6,0,0
1593,-1.4500000000000002,-0.0008538,-1.6,0,0
1594,-1.46,-0.000855,-1.6,0,0
1595,-1.47,-0.0008565,-1.6,0,0
1596,-1.48,-0.0008579,-1.6,0,0
1597,-1.49,-0.00085924,-1.6,0,0
1598,-1.5,-0.00086058,-1.6,0,0
1599,-1.51,-0.00086196,-1.6,0,0
1600,-1.52,-0.00086328,-1.6,0,0
1601,-1.53,-0.00086466,-1.6,0,0
1602,-1.54,-0.00086604,-1.6,0,0
1603,-1.55,-0.0008673,-1.6,0,0
1604,-1.56,-0.00086872,-1.6,0,0
1605,-1.57,-0.0008699,-1.6,0,0
1606,-1.58,-0.00087118,-1.6,0,0
1607,-1.59,-0.00087254,-1.6,0,0
1608,-1.6,-0.0008739,-1.6,0,0
1609,-1.61,-0.00087516,-1.6,0,0
1610,-1.62,-0.00087642,-1.6,0,0
1611,-1.63,-0.00087774,-1.6,0,0
1612,-1.64,-0.00087902,-1.6,0,0
1613,-1.65,-0.00088026,-1.6,0,0
1614,-1.66,-0.00088158,-1.6,0,0
1615,-1.6700000000000002,-0.00088276,-1.6,0,0
1616,-1.6800000000000002,-0.00088416,-1.6,0,0
1617,-1.6900000000000002,-0.0008853,-1.6,0,0
1618,-1.7000000000000002,-0.00088658,-1.6,0,0
1619,-1.7100000000000002,-0.0008879,-1.6,0,0
1620,-1.72,-0.00088912,-1.6,0,0
1621,-1.73,-0.00089026,-1.6,0,0
1622,-1.74,-0.00089156,-1.6,0,0
1623,-1.75,-0.00089282,-1.6,0,0
1624,-1.76,-0.00089412,-1.6,0,0
1625,-1.77,-0.00089518,-1.6,0,0
1626,-1.78,-0.0008964,-1.6,0,0
1627,-1.79,-0.00089762,-1.6,0,0
1628,-1.8,-0.0008989,-1.6,0,0
1629,0.0,-4.62636e-08,-1.8,0,0
1630,-0.01,-1.963e-05,-1.8,0,0
1631,-0.02,-3.9042e-05,-1.8,0,0
1632,-0.03,-5.8456e-05,-1.8,0,0
1633,-0.04,-7.755e-05,-1.8,0,0
1634,-0.05,-9.6656e-05,-1.8,0,0
1635,-0.06,-0.00011546,-1.8,0,0
1636,-0.07,-0.00013408,-1.8,0,0
1637,-0.08,-0.00015272,-1.8,0,0
1638,-0.09,-0.000171,-1.8,0,0
1639,-0.1,-0.00018914,-1.8,0,0
1640,-0.11,-0.00020726,-1.8,0,0
1641,-0.12,-0.00022506,-1.8,0,0
1642,-0.13,-0.00024282,-1.8,0,0
1643,-0.14,-0.0002603,-1.8,0,0
1644,-0.15,-0.00027752,-1.8,0,0
1645,-0.16,-0.00029464,-1.8,0,0
1646,-0.17,-0.00031156,-1.8,0,0
1647,-0.18,-0.00032826,-1.8,0,0
1648,-0.19,-0.00034492,-1.8,0,0
1649,-0.2,-0.0003612,-1.8,0,0
1650,-0.21,-0.00037736,-1.8,0,0
1651,-0.22,-0.00039344,-1.8,0,0
1652,-0.23,-0.00040916,-1.8,0,0
1653,-0.24,-0.00042478,-1.8,0,0
1654,-0.25,-0.00044012,-1.8,0,0
1655,-0.26,-0.00045528,-1.8,0,0
1656,-0.27,-0.00047028,-1.8,0,0
1657,-0.28,-0.00048502,-1.8,0,0
1658,-0.29,-0.00049956,-1.8,0,0
1659,-0.3,-0.00051394,-1.8,0,0
1660,-0.31,-0.000528,-1.8,0,0
1661,-0.32,-0.00054206,-1.8,0,0
1662,-0.33,-0.00055576,-1.8,0,0
1663,-0.34,-0.0005692,-1.8,0,0
1664,-0.35,-0.0005824,-1.8,0,0
1665,-0.36,-0.0005956,-1.8,0,0
1666,-0.37,-0.00060846,-1.8,0,0
1667,-0.38,-0.00062102,-1.8,0,0
1668,-0.39,-0.00063346,-1.8,0,0
1669,-0.4,-0.00064566,-1.8,0,0
1670,-0.41,-0.00065768,-1.8,0,0
1671,-0.42,-0.00066948,-1.8,0,0
1672,-0.43,-0.00068096,-1.8,0,0
1673,-0.44,-0.00069228,-1.8,0,0
1674,-0.45,-0.00070354,-1.8,0,0
1675,-0.46,-0.00071448,-1.8,0,0
1676,-0.47,-0.0007249,-1.8,0,0
1677,-0.48,-0.00073544,-1.8,0,0
1678,-0.49,-0.00074582,-1.8,0,0
1679,-0.5,-0.00075594,-1.8,0,0
1680,-0.51,-0.00076568,-1.8,0,0
1681,-0.52,-0.00077536,-1.8,0,0
1682,-0.53,-0.00078484,-1.8,0,0
1683,-0.54,-0.00079406,-1.8,0,0
1684,-0.55,-0.00080304,-1.8,0,0
1685,-0.56,-0.00081186,-1.8,0,0
1686,-0.57,-0.00082054,-1.8,0,0
1687,-0.58,-0.0008291,-1.8,0,0
1688,-0.59,-0.00083732,-1.8,0,0
1689,-0.6,-0.00084518,-1.8,0,0
1690,-0.61,-0.0008533,-1.8,0,0
1691,-0.62,-0.00086102,-1.8,0,0
1692,-0.63,-0.00086844,-1.8,0,0
1693,-0.64,-0.00087582,-1.8,0,0
1694,-0.65,-0.00088298,-1.8,0,0
1695,-0.66,-0.00089008,-1.8,0,0
1696,-0.67,-0.0008969,-1.8,0,0
1697,-0.68,-0.00090356,-1.8,0,0
1698,-0.69,-0.0009102,-1.8,0,0
1699,-0.7,-0.00091654,-1.8,0,0
1700,-0.71,-0.00092278,-1.8,0,0
1701,-0.72,-0.0009289,-1.8,0,0
1702,-0.73,-0.00093486,-1.8,0,0
1703,-0.74,-0.00094076,-1.8,0,0
1704,-0.75,-0.00094622,-1.8,0,0
1705,-0.76,-0.00095182,-1.8,0,0
1706,-0.77,-0.00095716,-1.8,0,0
1707,-0.78,-0.0009624,-1.8,0,0
1708,-0.79,-0.00096754,-1.8,0,0
1709,-0.8,-0.0009726,-1.8,0,0
1710,-0.81,-0.00097746,-1.8,0,0
1711,-0.82,-0.0009823,-1.8,0,0
1712,-0.83,-0.00098696,-1.8,0,0
1713,-0.84,-0.00099154,-1.8,0,0
1714,-0.85,-0.0009959,-1.8,0,0
1715,-0.86,-0.00100032,-1.8,0,0
1716,-0.87,-0.00100472,-1.8,0,0
1717,-0.88,-0.00100882,-1.8,0,0
1718,-0.89,-0.0010129,-1.8,0,0
1719,-0.9,-0.00101698,-1.8,0,0
1720,-0.91,-0.00102082,-1.8,0,0
1721,-0.92,-0.0010247,-1.8,0,0
1722,-0.93,-0.00102838,-1.8,0,0
1723,-0.94,-0.00103214,-1.8,0,0
1724,-0.95,-0.00103572,-1.8,0,0
1725,-0.96,-0.00103918,-1.8,0,0
1726,-0.97,-0.0010427,-1.8,0,0
1727,-0.98,-0.00104612,-1.8,0,0
1728,-0.99,-0.00104936,-1.8,0,0
1729,-1.0,-0.00105262,-1.8,0,0
1730,-1.01,-0.00105588,-1.8,0,0
1731,-1.02,-0.00105896,-1.8,0,0
1732,-1.03,-0.00106192,-1.8,0,0
1733,-1.04,-0.0010651,-1.8,0,0
1734,-1.05,-0.0010682,-1.8,0,0
1735,-1.06,-0.00107094,-1.8,0,0
1736,-1.07,-0.00107386,-1.8,0,0
1737,-1.08,-0.0010767,-1.8,0,0
1738,-1.09,-0.00107952,-1.8,0,0
1739,-1.1,-0.00108214,-1.8,0,0
1740,-1.11,-0.0010848,-1.8,0,0
1741,-1.12,-0.0010876,-1.8,0,0
1742,-1.13,-0.00109024,-1.8,0,0
1743,-1.14,-0.0010927,-1.8,0,0
1744,-1.15,-0.0010952,-1.8,0,0
1745,-1.16,-0.00109782,-1.8,0,0
1746,-1.1700000000000002,-0.00110026,-1.8,0,0
1747,-1.1800000000000002,-0.00110264,-1.8,0,0
1748,-1.19,-0.0011051,-1.8,0,0
1749,-1.2,-0.00110744,-1.8,0,0
1750,-1.21,-0.00110982,-1.8,0,0
1751,-1.22,-0.0011121,-1.8,0,0
1752,-1.23,-0.00111428,-1.8,0,0
1753,-1.24,-0.00111664,-1.8,0,0
1754,-1.25,-0.00111894,-1.8,0,0
1755,-1.26,-0.00112102,-1.8,0,0
1756,-1.27,-0.00112308,-1.8,0,0
1757,-1.28,-0.00112534,-1.8,0,0
1758,-1.29,-0.00112744,-1.8,0,0
1759,-1.3,-0.00112948,-1.8,0,0
1760,-1.31,-0.00113154,-1.8,0,0
1761,-1.32,-0.00113358,-1.8,0,0
1762,-1.33,-0.00113562,-1.8,0,0
1763,-1.34,-0.00113764,-1.8,0,0
1764,-1.35,-0.00113962,-1.8,0,0
1765,-1.36,-0.00114172,-1.8,0,0
1766,-1.37,-0.00114372,-1.8,0,0
1767,-1.38,-0.00114564,-1.8,0,0
1768,-1.39,-0.00114756,-1.8,0,0
1769,-1.4,-0.0011495,-1.8,0,0
1770,-1.41,-0.0011518,-1.8,0,0
1771,-1.4200000000000002,-0.0011534,-1.8,0,0
1772,-1.4300000000000002,-0.0011552,-1.8,0,0
1773,-1.4400000000000002,-0.001157,-1.8,0,0
1774,-1.4500000000000002,-0.001159,-1.8,0,0
1775,-1.46,-0.0011608,-1.8,0,0
1776,-1.47,-0.0011624,-1.8,0,0
1777,-1.48,-0.0011642,-1.8,0,0
1778,-1.49,-0.001166,-1.8,0,0
1779,-1.5,-0.0011678,-1.8,0,0
1780,-1.51,-0.0011696,-1.8,0,0
1781,-1.52,-0.0011714,-1.8,0,0
1782,-1.53,-0.0011732,-1.8,0,0
1783,-1.54,-0.0011748,-1.8,0,0
1784,-1.55,-0.0011764,-1.8,0,0
1785,-1.56,-0.0011782,-1.8,0,0
1786,-1.57,-0.00118,-1.8,0,0
1787,-1.58,-0.0011818,-1.8,0,0
1788,-1.59,-0.0011834,-1.8,0,0
1789,-1.6,-0.0011848,-1.8,0,0
1790,-1.61,-0.0011868,-1.8,0,0
1791,-1.62,-0.0011884,-1.8,0,0
1792,-1.63,-0.0011898,-1.8,0,0
1793,-1.64,-0.0011914,-1.8,0,0
1794,-1.65,-0.001193,-1.8,0,0
1795,-1.66,-0.0011948,-1.8,0,0
1796,-1.6700000000000002,-0.0011964,-1.8,0,0
1797,-1.6800000000000002,-0.0011982,-1.8,0,0
1798,-1.6900000000000002,-0.0011998,-1.8,0,0
1799,-1.7000000000000002,-0.0012012,-1.8,0,0
1800,-1.7100000000000002,-0.0012026,-1.8,0,0
1801,-1.72,-0.0012044,-1.8,0,0
1802,-1.73,-0.0012058,-1.8,0,0
1803,-1.74,-0.0012072,-1.8,0,0
1804,-1.75,-0.001209,-1.8,0,0
1805,-1.76,-0.0012104,-1.8,0,0
1806,-1.77,-0.0012118,-1.8,0,0
1807,-1.78,-0.0012138,-1.8,0,0
1808,-1.79,-0.001215,-1.8,0,0
1809,-1.8,-0.0012166,-1.8,0,0
