,VD,ID,VG,VS
0,0.0,-1.282e-11,0.0,0
1,0.01,2.327e-11,0.0,0
2,0.02,4.133e-11,0.0,0
3,0.03,2.613e-11,0.0,0
4,0.04,1e-12,0.0,0
5,0.05,-6.26e-12,0.0,0
6,0.06,1.766e-11,0.0,0
7,0.07,4.5220000000000006e-11,0.0,0
8,0.08,4.374e-11,0.0,0
9,0.09,1.683e-11,0.0,0
10,0.1,-4.400000000000001e-12,0.0,0
11,0.11,5.210000000000001e-12,0.0,0
12,0.12,3.434e-11,0.0,0
13,0.13,4.914e-11,0.0,0
14,0.14,3.147e-11,0.0,0
15,0.15,4.62e-12,0.0,0
16,0.16,-3.0100000000000007e-12,0.0,0
17,0.17,1.9750000000000003e-11,0.0,0
18,0.18,4.618e-11,0.0,0
19,0.19,4.5440000000000007e-11,0.0,0
20,0.2,1.8730000000000003e-11,0.0,0
21,0.21,-3.35e-12,0.0,0
22,0.22,5.5e-12,0.0,0
23,0.23,3.526e-11,0.0,0
24,0.24,4.983e-11,0.0,0
25,0.25,3.2390000000000004e-11,0.0,0
26,0.26,5.29e-12,0.0,0
27,0.27,-2.5800000000000003e-12,0.0,0
28,0.28,2.012e-11,0.0,0
29,0.29,4.683e-11,0.0,0
30,0.3,4.5910000000000006e-11,0.0,0
31,0.31,1.899e-11,0.0,0
32,0.32,-3.3600000000000002e-12,0.0,0
33,0.33,6.980000000000001e-12,0.0,0
34,0.34,3.635e-11,0.0,0
35,0.35,5.0090000000000005e-11,0.0,0
36,0.36,3.2e-11,0.0,0
37,0.37,4.26e-12,0.0,0
38,0.38,-1.36e-12,0.0,0
39,0.39,2.143e-11,0.0,0
40,0.4,4.8420000000000006e-11,0.0,0
41,0.41,4.574e-11,0.0,0
42,0.42,1.8440000000000003e-11,0.0,0
43,0.43,-2.3200000000000002e-12,0.0,0
44,0.44,8.54e-12,0.0,0
45,0.45,3.821e-11,0.0,0
46,0.46,5.0570000000000006e-11,0.0,0
47,0.47,3.2280000000000004e-11,0.0,0
48,0.48,4.340000000000001e-12,0.0,0
49,0.49,-1.21e-12,0.0,0
50,0.5,2.3230000000000003e-11,0.0,0
51,0.51,4.928e-11,0.0,0
52,0.52,4.5430000000000005e-11,0.0,0
53,0.53,1.816e-11,0.0,0
54,0.54,-2.3500000000000007e-12,0.0,0
55,0.55,1.147e-11,0.0,0
56,0.56,4.0300000000000006e-11,0.0,0
57,0.57,5.149e-11,0.0,0
58,0.58,3.0860000000000004e-11,0.0,0
59,0.59,3.5700000000000007e-12,0.0,0
60,0.6,4.0000000000000006e-14,0.0,0
61,0.61,2.529e-11,0.0,0
62,0.62,5e-11,0.0,0
63,0.63,4.5140000000000005e-11,0.0,0
64,0.64,1.582e-11,0.0,0
65,0.65,-1.6800000000000001e-12,0.0,0
66,0.66,1.304e-11,0.0,0
67,0.67,4.129e-11,0.0,0
68,0.68,5.176e-11,0.0,0
69,0.69,3.058e-11,0.0,0
70,0.7,4.23e-12,0.0,0
71,0.71,1.04e-12,0.0,0
72,0.72,2.621e-11,0.0,0
73,0.73,5.12e-11,0.0,0
74,0.74,4.425e-11,0.0,0
75,0.75,1.5e-11,0.0,0
76,0.76,-1.3300000000000002e-12,0.0,0
77,0.77,1.402e-11,0.0,0
78,0.78,4.131e-11,0.0,0
79,0.79,5.2030000000000007e-11,0.0,0
80,0.8,3.049e-11,0.0,0
81,0.81,3.81e-12,0.0,0
82,0.82,1.86e-12,0.0,0
83,0.83,2.8560000000000003e-11,0.0,0
84,0.84,5.266e-11,0.0,0
85,0.85,4.362e-11,0.0,0
86,0.86,1.5e-11,0.0,0
87,0.87,-1.0100000000000001e-12,0.0,0
88,0.88,1.7470000000000002e-11,0.0,0
89,0.89,4.4930000000000007e-11,0.0,0
90,0.9,5.167e-11,0.0,0
91,0.91,2.903e-11,0.0,0
92,0.92,1.85e-12,0.0,0
93,0.93,4.38e-12,0.0,0
94,0.94,3.282e-11,0.0,0
95,0.95,5.3660000000000005e-11,0.0,0
96,0.96,4.0740000000000006e-11,0.0,0
97,0.97,1.3480000000000002e-11,0.0,0
98,0.98,-1.3e-13,0.0,0
99,0.99,1.907e-11,0.0,0
100,1.0,4.69e-11,0.0,0
101,1.01,5.1690000000000005e-11,0.0,0
102,1.02,2.673e-11,0.0,0
103,1.03,1.69e-12,0.0,0
104,1.04,6.390000000000001e-12,0.0,0
105,1.05,3.4940000000000004e-11,0.0,0
106,1.06,5.3740000000000006e-11,0.0,0
107,1.07,4.021e-11,0.0,0
108,1.08,1.1050000000000002e-11,0.0,0
109,1.09,7.200000000000002e-13,0.0,0
110,1.1,2.127e-11,0.0,0
111,1.11,4.9220000000000006e-11,0.0,0
112,1.12,5.08e-11,0.0,0
113,1.13,2.504e-11,0.0,0
114,1.14,1.5400000000000001e-12,0.0,0
115,1.15,9.52e-12,0.0,0
116,1.16,3.7970000000000006e-11,0.0,0
117,1.1700000000000002,5.4760000000000007e-11,0.0,0
118,1.1800000000000002,3.748e-11,0.0,0
119,1.19,9.590000000000003e-12,0.0,0
120,1.2,2.1200000000000007e-12,0.0,0
121,1.21,2.362e-11,0.0,0
122,1.22,5.1120000000000007e-11,0.0,0
123,1.23,5.037e-11,0.0,0
124,1.24,2.3410000000000003e-11,0.0,0
125,1.25,2.18e-12,0.0,0
126,1.26,1.157e-11,0.0,0
127,1.27,3.977e-11,0.0,0
128,1.28,5.532e-11,0.0,0
129,1.29,3.722e-11,0.0,0
130,1.3,1.043e-11,0.0,0
131,1.31,2.8800000000000002e-12,0.0,0
132,1.32,2.498e-11,0.0,0
133,1.33,5.1370000000000006e-11,0.0,0
134,1.34,5.2200000000000005e-11,0.0,0
135,1.35,2.511e-11,0.0,0
136,1.36,2.7300000000000007e-12,0.0,0
137,1.37,1.103e-11,0.0,0
138,1.38,3.951e-11,0.0,0
139,1.39,5.637e-11,0.0,0
140,1.4,4.051e-11,0.0,0
141,1.41,1.317e-11,0.0,0
142,1.4200000000000002,3.5900000000000007e-12,0.0,0
143,1.4300000000000002,2.4210000000000003e-11,0.0,0
144,1.4400000000000002,5.209e-11,0.0,0
145,1.4500000000000002,5.4750000000000005e-11,0.0,0
146,1.46,2.95e-11,0.0,0
147,1.47,5.200000000000001e-12,0.0,0
148,1.48,1.098e-11,0.0,0
149,1.49,3.882e-11,0.0,0
150,1.5,5.832e-11,0.0,0
151,1.51,4.3870000000000006e-11,0.0,0
152,1.52,1.6560000000000002e-11,0.0,0
153,1.53,5.53e-12,0.0,0
154,1.54,2.6360000000000003e-11,0.0,0
155,1.55,5.412e-11,0.0,0
156,1.56,5.7380000000000006e-11,0.0,0
157,1.57,3.354e-11,0.0,0
158,1.58,8.690000000000003e-12,0.0,0
159,1.59,1.4920000000000002e-11,0.0,0
160,1.6,4.377e-11,0.0,0
161,1.61,6.278e-11,0.0,0
162,1.62,4.8090000000000005e-11,0.0,0
163,1.63,2.123e-11,0.0,0
164,1.64,1.117e-11,0.0,0
165,1.65,3.245e-11,0.0,0
166,1.66,6.078000000000001e-11,0.0,0
167,1.6700000000000002,6.398000000000001e-11,0.0,0
168,1.6800000000000002,4.115e-11,0.0,0
169,1.6900000000000002,1.7070000000000002e-11,0.0,0
170,1.7000000000000002,2.417e-11,0.0,0
171,1.7100000000000002,5.482e-11,0.0,0
172,1.72,7.441e-11,0.0,0
173,1.73,6.028000000000001e-11,0.0,0
174,1.74,3.424e-11,0.0,0
175,1.75,2.735e-11,0.0,0
176,1.76,5.1330000000000005e-11,0.0,0
177,1.77,8.154000000000001e-11,0.0,0
178,1.78,8.558e-11,0.0,0
179,1.79,6.196e-11,0.0,0
180,1.8,4.306e-11,0.0,0
181,0.0,-3.197e-11,0.2,0
182,0.01,1.6505e-09,0.2,0
183,0.02,2.7597e-09,0.2,0
184,0.03,3.5196e-09,0.2,0
185,0.04,4.0613e-09,0.2,0
186,0.05,4.4609e-09,0.2,0
187,0.06,4.7468e-09,0.2,0
188,0.07,4.9354e-09,0.2,0
189,0.08,5.0479e-09,0.2,0
190,0.09,5.1196e-09,0.2,0
191,0.1,5.1904e-09,0.2,0
192,0.11,5.2692e-09,0.2,0
193,0.12,5.341e-09,0.2,0
194,0.13,5.3818e-09,0.2,0
195,0.14,5.393e-09,0.2,0
196,0.15,5.3978e-09,0.2,0
197,0.16,5.4209e-09,0.2,0
198,0.17,5.4646e-09,0.2,0
199,0.18,5.5142e-09,0.2,0
200,0.19,5.5403e-09,0.2,0
201,0.2,5.5416e-09,0.2,0
202,0.21,5.5379e-09,0.2,0
203,0.22,5.5512e-09,0.2,0
204,0.23,5.5919e-09,0.2,0
205,0.24,5.6379e-09,0.2,0
206,0.25,5.6649e-09,0.2,0
207,0.26,5.6645e-09,0.2,0
208,0.27,5.6587e-09,0.2,0
209,0.28,5.6685e-09,0.2,0
210,0.29,5.7068e-09,0.2,0
211,0.3,5.7513e-09,0.2,0
212,0.31,5.778e-09,0.2,0
213,0.32,5.7768e-09,0.2,0
214,0.33,5.7711e-09,0.2,0
215,0.34,5.7794e-09,0.2,0
216,0.35,5.8148e-09,0.2,0
217,0.36,5.8584e-09,0.2,0
218,0.37,5.8832e-09,0.2,0
219,0.38,5.8861e-09,0.2,0
220,0.39,5.8794e-09,0.2,0
221,0.4,5.8833e-09,0.2,0
222,0.41,5.9198e-09,0.2,0
223,0.42,5.9604e-09,0.2,0
224,0.43,5.986e-09,0.2,0
225,0.44,5.9858e-09,0.2,0
226,0.45,5.9777e-09,0.2,0
227,0.46,5.9822e-09,0.2,0
228,0.47,6.0147e-09,0.2,0
229,0.48,6.0553999999999996e-09,0.2,0
230,0.49,6.0841e-09,0.2,0
231,0.5,6.0848e-09,0.2,0
232,0.51,6.0775e-09,0.2,0
233,0.52,6.077e-09,0.2,0
234,0.53,6.1068e-09,0.2,0
235,0.54,6.1465e-09,0.2,0
236,0.55,6.1758e-09,0.2,0
237,0.56,6.1801e-09,0.2,0
238,0.57,6.1682e-09,0.2,0
239,0.58,6.1733e-09,0.2,0
240,0.59,6.1838e-09,0.2,0
241,0.6,6.22e-09,0.2,0
242,0.61,6.2612e-09,0.2,0
243,0.62,6.2771e-09,0.2,0
244,0.63,6.2722e-09,0.2,0
245,0.64,6.2619e-09,0.2,0
246,0.65,6.2699e-09,0.2,0
247,0.66,6.3065e-09,0.2,0
248,0.67,6.345e-09,0.2,0
249,0.68,6.3631e-09,0.2,0
250,0.69,6.355e-09,0.2,0
251,0.7,6.3436e-09,0.2,0
252,0.71,6.3522e-09,0.2,0
253,0.72,6.3869e-09,0.2,0
254,0.73,6.4239e-09,0.2,0
255,0.74,6.4455e-09,0.2,0
256,0.75,6.439e-09,0.2,0
257,0.76,6.4272e-09,0.2,0
258,0.77,6.432e-09,0.2,0
259,0.78,6.4621e-09,0.2,0
260,0.79,6.5e-09,0.2,0
261,0.8,6.5225e-09,0.2,0
262,0.81,6.5182e-09,0.2,0
263,0.82,6.5051e-09,0.2,0
264,0.83,6.5092e-09,0.2,0
265,0.84,6.5365e-09,0.2,0
266,0.85,6.5744999999999996e-09,0.2,0
267,0.86,6.5996e-09,0.2,0
268,0.87,6.5928e-09,0.2,0
269,0.88,6.5848e-09,0.2,0
270,0.89,6.5822e-09,0.2,0
271,0.9,6.6089e-09,0.2,0
272,0.91,6.6465e-09,0.2,0
273,0.92,6.6717e-09,0.2,0
274,0.93,6.6677e-09,0.2,0
275,0.94,6.6538e-09,0.2,0
276,0.95,6.6525e-09,0.2,0
277,0.96,6.6776e-09,0.2,0
278,0.97,6.7148e-09,0.2,0
279,0.98,6.7416999999999996e-09,0.2,0
280,0.99,6.7399e-09,0.2,0
281,1.0,6.7274e-09,0.2,0
282,1.01,6.7231e-09,0.2,0
283,1.02,6.7432e-09,0.2,0
284,1.03,6.7813e-09,0.2,0
285,1.04,6.8087e-09,0.2,0
286,1.05,6.8123e-09,0.2,0
287,1.06,6.7965e-09,0.2,0
288,1.07,6.7889e-09,0.2,0
289,1.08,6.8074e-09,0.2,0
290,1.09,6.8439e-09,0.2,0
291,1.1,6.8758e-09,0.2,0
292,1.11,6.8795e-09,0.2,0
293,1.12,6.8657e-09,0.2,0
294,1.13,6.8549e-09,0.2,0
295,1.14,6.8719e-09,0.2,0
296,1.15,6.9071e-09,0.2,0
297,1.16,6.9383e-09,0.2,0
298,1.1700000000000002,6.9401e-09,0.2,0
299,1.1800000000000002,6.9286e-09,0.2,0
300,1.19,6.9182e-09,0.2,0
301,1.2,6.9329e-09,0.2,0
302,1.21,6.9711e-09,0.2,0
303,1.22,7.0005e-09,0.2,0
304,1.23,7.0048e-09,0.2,0
305,1.24,6.9941e-09,0.2,0
306,1.25,6.9803e-09,0.2,0
307,1.26,6.9935e-09,0.2,0
308,1.27,7.0297e-09,0.2,0
309,1.28,7.0619e-09,0.2,0
310,1.29,7.0678e-09,0.2,0
311,1.3,7.053e-09,0.2,0
312,1.31,7.0408e-09,0.2,0
313,1.32,7.0553e-09,0.2,0
314,1.33,7.0868e-09,0.2,0
315,1.34,7.1188e-09,0.2,0
316,1.35,7.1271e-09,0.2,0
317,1.36,7.1135e-09,0.2,0
318,1.37,7.1019e-09,0.2,0
319,1.38,7.1116e-09,0.2,0
320,1.39,7.1459e-09,0.2,0
321,1.4,7.1785e-09,0.2,0
322,1.41,7.1867e-09,0.2,0
323,1.4200000000000002,7.173e-09,0.2,0
324,1.4300000000000002,7.1584e-09,0.2,0
325,1.4400000000000002,7.1684e-09,0.2,0
326,1.4500000000000002,7.2021e-09,0.2,0
327,1.46,7.2347e-09,0.2,0
328,1.47,7.2462e-09,0.2,0
329,1.48,7.2311e-09,0.2,0
330,1.49,7.2187e-09,0.2,0
331,1.5,7.2238e-09,0.2,0
332,1.51,7.256e-09,0.2,0
333,1.52,7.2903e-09,0.2,0
334,1.53,7.3009e-09,0.2,0
335,1.54,7.2884e-09,0.2,0
336,1.55,7.274e-09,0.2,0
337,1.56,7.2804e-09,0.2,0
338,1.57,7.3114e-09,0.2,0
339,1.58,7.3443e-09,0.2,0
340,1.59,7.3564e-09,0.2,0
341,1.6,7.3457e-09,0.2,0
342,1.61,7.333e-09,0.2,0
343,1.62,7.3372e-09,0.2,0
344,1.63,7.3647e-09,0.2,0
345,1.64,7.4004e-09,0.2,0
346,1.65,7.4142e-09,0.2,0
347,1.66,7.4015e-09,0.2,0
348,1.6700000000000002,7.3867e-09,0.2,0
349,1.6800000000000002,7.3909e-09,0.2,0
350,1.6900000000000002,7.4196e-09,0.2,0
351,1.7000000000000002,7.4544e-09,0.2,0
352,1.7100000000000002,7.4695e-09,0.2,0
353,1.72,7.4597e-09,0.2,0
354,1.73,7.4471e-09,0.2,0
355,1.74,7.445e-09,0.2,0
356,1.75,7.4747e-09,0.2,0
357,1.76,7.5095e-09,0.2,0
358,1.77,7.5259e-09,0.2,0
359,1.78,7.5181e-09,0.2,0
360,1.79,7.5022e-09,0.2,0
361,1.8,7.5029e-09,0.2,0
362,0.0,-1.3575199999999998e-08,0.4,0
363,0.01,6.23e-07,0.4,0
364,0.02,1.06494e-06,0.4,0
365,0.03,1.3747000000000002e-06,0.4,0
366,0.04,1.5904000000000005e-06,0.4,0
367,0.05,1.7457e-06,0.4,0
368,0.06,1.8546e-06,0.4,0
369,0.07,1.9329e-06,0.4,0
370,0.08,1.9909000000000003e-06,0.4,0
371,0.09,2.0337e-06,0.4,0
372,0.1,2.0669e-06,0.4,0
373,0.11,2.0926e-06,0.4,0
374,0.12,2.1143e-06,0.4,0
375,0.13,2.132e-06,0.4,0
376,0.14,2.1477e-06,0.4,0
377,0.15,2.1625e-06,0.4,0
378,0.16,2.1750000000000004e-06,0.4,0
379,0.17,2.1872000000000004e-06,0.4,0
380,0.18,2.1985e-06,0.4,0
381,0.19,2.2097e-06,0.4,0
382,0.2,2.2203e-06,0.4,0
383,0.21,2.2306000000000003e-06,0.4,0
384,0.22,2.2403000000000004e-06,0.4,0
385,0.23,2.2507000000000003e-06,0.4,0
386,0.24,2.2601e-06,0.4,0
387,0.25,2.2696000000000003e-06,0.4,0
388,0.26,2.2791000000000003e-06,0.4,0
389,0.27,2.2882000000000004e-06,0.4,0
390,0.28,2.2974e-06,0.4,0
391,0.29,2.3069000000000003e-06,0.4,0
392,0.3,2.3150000000000003e-06,0.4,0
393,0.31,2.3242e-06,0.4,0
394,0.32,2.3330000000000004e-06,0.4,0
395,0.33,2.3414e-06,0.4,0
396,0.34,2.3493e-06,0.4,0
397,0.35,2.3585000000000004e-06,0.4,0
398,0.36,2.3670000000000004e-06,0.4,0
399,0.37,2.3749000000000003e-06,0.4,0
400,0.38,2.3829e-06,0.4,0
401,0.39,2.3951e-06,0.4,0
402,0.4,2.3994000000000003e-06,0.4,0
403,0.41,2.4073e-06,0.4,0
404,0.42,2.4191000000000003e-06,0.4,0
405,0.43,2.4230000000000003e-06,0.4,0
406,0.44,2.431e-06,0.4,0
407,0.45,2.4382e-06,0.4,0
408,0.46,2.4461e-06,0.4,0
409,0.47,2.4526000000000005e-06,0.4,0
410,0.48,2.4604e-06,0.4,0
411,0.49,2.4680000000000003e-06,0.4,0
412,0.5,2.4753000000000003e-06,0.4,0
413,0.51,2.482e-06,0.4,0
414,0.52,2.4891000000000004e-06,0.4,0
415,0.53,2.4964000000000004e-06,0.4,0
416,0.54,2.504e-06,0.4,0
417,0.55,2.5114e-06,0.4,0
418,0.56,2.5179e-06,0.4,0
419,0.57,2.5245e-06,0.4,0
420,0.58,2.5311e-06,0.4,0
421,0.59,2.5377000000000003e-06,0.4,0
422,0.6,2.5448e-06,0.4,0
423,0.61,2.5513000000000005e-06,0.4,0
424,0.62,2.5573e-06,0.4,0
425,0.63,2.5642000000000004e-06,0.4,0
426,0.64,2.5710000000000005e-06,0.4,0
427,0.65,2.5772e-06,0.4,0
428,0.66,2.5832e-06,0.4,0
429,0.67,2.5896e-06,0.4,0
430,0.68,2.5964e-06,0.4,0
431,0.69,2.6024000000000003e-06,0.4,0
432,0.7,2.6083e-06,0.4,0
433,0.71,2.6145e-06,0.4,0
434,0.72,2.6207e-06,0.4,0
435,0.73,2.6319e-06,0.4,0
436,0.74,2.6326000000000004e-06,0.4,0
437,0.75,2.6391000000000003e-06,0.4,0
438,0.76,2.6448e-06,0.4,0
439,0.77,2.6511000000000003e-06,0.4,0
440,0.78,2.6557000000000003e-06,0.4,0
441,0.79,2.662e-06,0.4,0
442,0.8,2.6684e-06,0.4,0
443,0.81,2.6737000000000003e-06,0.4,0
444,0.82,2.6795000000000003e-06,0.4,0
445,0.83,2.6846e-06,0.4,0
446,0.84,2.6904e-06,0.4,0
447,0.85,2.6958e-06,0.4,0
448,0.86,2.7017000000000003e-06,0.4,0
449,0.87,2.7071000000000003e-06,0.4,0
450,0.88,2.7129000000000003e-06,0.4,0
451,0.89,2.7178000000000005e-06,0.4,0
452,0.9,2.7234000000000005e-06,0.4,0
453,0.91,2.7285e-06,0.4,0
454,0.92,2.7340000000000004e-06,0.4,0
455,0.93,2.7391e-06,0.4,0
456,0.94,2.7452000000000004e-06,0.4,0
457,0.95,2.7484e-06,0.4,0
458,0.96,2.7547e-06,0.4,0
459,0.97,2.7603000000000005e-06,0.4,0
460,0.98,2.7645000000000004e-06,0.4,0
461,0.99,2.77e-06,0.4,0
462,1.0,2.7752e-06,0.4,0
463,1.01,2.7803000000000003e-06,0.4,0
464,1.02,2.7846000000000004e-06,0.4,0
465,1.03,2.7905e-06,0.4,0
466,1.04,2.7947e-06,0.4,0
467,1.05,2.8003e-06,0.4,0
468,1.06,2.8045000000000004e-06,0.4,0
469,1.07,2.8093000000000004e-06,0.4,0
470,1.08,2.8145000000000003e-06,0.4,0
471,1.09,2.8190000000000005e-06,0.4,0
472,1.1,2.8244000000000004e-06,0.4,0
473,1.11,2.8287e-06,0.4,0
474,1.12,2.8336000000000003e-06,0.4,0
475,1.13,2.8382e-06,0.4,0
476,1.14,2.8428e-06,0.4,0
477,1.15,2.8475000000000003e-06,0.4,0
478,1.16,2.8593000000000003e-06,0.4,0
479,1.1700000000000002,2.8566000000000003e-06,0.4,0
480,1.1800000000000002,2.8615000000000005e-06,0.4,0
481,1.19,2.8661000000000004e-06,0.4,0
482,1.2,2.8709000000000003e-06,0.4,0
483,1.21,2.8748000000000004e-06,0.4,0
484,1.22,2.8797e-06,0.4,0
485,1.23,2.8833000000000004e-06,0.4,0
486,1.24,2.8884e-06,0.4,0
487,1.25,2.8926000000000005e-06,0.4,0
488,1.26,2.8970000000000004e-06,0.4,0
489,1.27,2.9015e-06,0.4,0
490,1.28,2.9057000000000004e-06,0.4,0
491,1.29,2.9198000000000004e-06,0.4,0
492,1.3,2.9142000000000004e-06,0.4,0
493,1.31,2.9183000000000005e-06,0.4,0
494,1.32,2.9233000000000005e-06,0.4,0
495,1.33,2.9272e-06,0.4,0
496,1.34,2.9308000000000004e-06,0.4,0
497,1.35,2.9354000000000003e-06,0.4,0
498,1.36,2.9393000000000004e-06,0.4,0
499,1.37,2.9436000000000005e-06,0.4,0
500,1.38,2.9476000000000004e-06,0.4,0
501,1.39,2.9513000000000004e-06,0.4,0
502,1.4,2.9553000000000003e-06,0.4,0
503,1.41,2.9599e-06,0.4,0
504,1.4200000000000002,2.9635000000000005e-06,0.4,0
505,1.4300000000000002,2.9682e-06,0.4,0
506,1.4400000000000002,2.9723000000000003e-06,0.4,0
507,1.4500000000000002,2.9766000000000004e-06,0.4,0
508,1.46,2.9802000000000003e-06,0.4,0
509,1.47,2.984e-06,0.4,0
510,1.48,2.9874000000000004e-06,0.4,0
511,1.49,2.9916000000000003e-06,0.4,0
512,1.5,2.9954e-06,0.4,0
513,1.51,2.9990000000000004e-06,0.4,0
514,1.52,3.0034000000000003e-06,0.4,0
515,1.53,3.0078e-06,0.4,0
516,1.54,3.0128e-06,0.4,0
517,1.55,3.0152000000000004e-06,0.4,0
518,1.56,3.0186e-06,0.4,0
519,1.57,3.0374000000000003e-06,0.4,0
520,1.58,3.0270000000000004e-06,0.4,0
521,1.59,3.03e-06,0.4,0
522,1.6,3.0556000000000004e-06,0.4,0
523,1.61,3.0382000000000004e-06,0.4,0
524,1.62,3.0407000000000004e-06,0.4,0
525,1.63,3.0532000000000003e-06,0.4,0
526,1.64,3.0486000000000003e-06,0.4,0
527,1.65,3.0522e-06,0.4,0
528,1.66,3.0571000000000003e-06,0.4,0
529,1.6700000000000002,3.0599e-06,0.4,0
530,1.6800000000000002,3.0639000000000004e-06,0.4,0
531,1.6900000000000002,3.0668000000000004e-06,0.4,0
532,1.7000000000000002,3.0713e-06,0.4,0
533,1.7100000000000002,3.0746e-06,0.4,0
534,1.72,3.0779e-06,0.4,0
535,1.73,3.0833e-06,0.4,0
536,1.74,3.0880000000000003e-06,0.4,0
537,1.75,3.0899000000000003e-06,0.4,0
538,1.76,3.0934000000000003e-06,0.4,0
539,1.77,3.0966e-06,0.4,0
540,1.78,3.1003e-06,0.4,0
541,1.79,3.1040000000000003e-06,0.4,0
542,1.8,3.1074000000000005e-06,0.4,0
543,0.0,-3.994e-07,0.6000000000000001,0
544,0.01,4.9362e-05,0.6000000000000001,0
545,0.02,9.1512e-05,0.6000000000000001,0
546,0.03,0.00012622,0.6000000000000001,0
547,0.04,0.00015468,0.6000000000000001,0
548,0.05,0.00017806,0.6000000000000001,0
549,0.06,0.00019662,0.6000000000000001,0
550,0.07,0.00021144,0.6000000000000001,0
551,0.08,0.0002234,0.6000000000000001,0
552,0.09,0.0002328,0.6000000000000001,0
553,0.1,0.00024018,0.6000000000000001,0
554,0.11,0.00024614,0.6000000000000001,0
555,0.12,0.0002509,0.6000000000000001,0
556,0.13,0.00025472,0.6000000000000001,0
557,0.14,0.00025784,0.6000000000000001,0
558,0.15,0.00026048,0.6000000000000001,0
559,0.16,0.00026268,0.6000000000000001,0
560,0.17,0.00026456,0.6000000000000001,0
561,0.18,0.00026628,0.6000000000000001,0
562,0.19,0.00026782,0.6000000000000001,0
563,0.2,0.00026924,0.6000000000000001,0
564,0.21,0.00027046,0.6000000000000001,0
565,0.22,0.00027166,0.6000000000000001,0
566,0.23,0.00027282,0.6000000000000001,0
567,0.24,0.00027386,0.6000000000000001,0
568,0.25,0.0002749,0.6000000000000001,0
569,0.26,0.0002759,0.6000000000000001,0
570,0.27,0.00027684,0.6000000000000001,0
571,0.28,0.0002778,0.6000000000000001,0
572,0.29,0.00027874,0.6000000000000001,0
573,0.3,0.00027962,0.6000000000000001,0
574,0.31,0.0002805,0.6000000000000001,0
575,0.32,0.00028142,0.6000000000000001,0
576,0.33,0.0002822,0.6000000000000001,0
577,0.34,0.00028308,0.6000000000000001,0
578,0.35,0.00028382,0.6000000000000001,0
579,0.36,0.00028468,0.6000000000000001,0
580,0.37,0.00028544,0.6000000000000001,0
581,0.38,0.0002862,0.6000000000000001,0
582,0.39,0.00028698,0.6000000000000001,0
583,0.4,0.00028774,0.6000000000000001,0
584,0.41,0.00028846,0.6000000000000001,0
585,0.42,0.00028918,0.6000000000000001,0
586,0.43,0.00028996,0.6000000000000001,0
587,0.44,0.00029064,0.6000000000000001,0
588,0.45,0.00029136,0.6000000000000001,0
589,0.46,0.00029202,0.6000000000000001,0
590,0.47,0.00029274,0.6000000000000001,0
591,0.48,0.00029336,0.6000000000000001,0
592,0.49,0.00029406,0.6000000000000001,0
593,0.5,0.00029468,0.6000000000000001,0
594,0.51,0.00029534,0.6000000000000001,0
595,0.52,0.000296,0.6000000000000001,0
596,0.53,0.0002966,0.6000000000000001,0
597,0.54,0.0002973,0.6000000000000001,0
598,0.55,0.00029788,0.6000000000000001,0
599,0.56,0.0002985,0.6000000000000001,0
600,0.57,0.00029916,0.6000000000000001,0
601,0.58,0.0002997,0.6000000000000001,0
602,0.59,0.00030038,0.6000000000000001,0
603,0.6,0.0003009,0.6000000000000001,0
604,0.61,0.0003015,0.6000000000000001,0
605,0.62,0.0003021,0.6000000000000001,0
606,0.63,0.00030268,0.6000000000000001,0
607,0.64,0.00030322,0.6000000000000001,0
608,0.65,0.00030382,0.6000000000000001,0
609,0.66,0.00030436,0.6000000000000001,0
610,0.67,0.0003049,0.6000000000000001,0
611,0.68,0.00030544,0.6000000000000001,0
612,0.69,0.000306,0.6000000000000001,0
613,0.7,0.00030656,0.6000000000000001,0
614,0.71,0.00030704,0.6000000000000001,0
615,0.72,0.0003076,0.6000000000000001,0
616,0.73,0.0003082,0.6000000000000001,0
617,0.74,0.00030866,0.6000000000000001,0
618,0.75,0.00030918,0.6000000000000001,0
619,0.76,0.00030968,0.6000000000000001,0
620,0.77,0.0003102,0.6000000000000001,0
621,0.78,0.0003107,0.6000000000000001,0
622,0.79,0.00031122,0.6000000000000001,0
623,0.8,0.00031174,0.6000000000000001,0
624,0.81,0.00031222,0.6000000000000001,0
625,0.82,0.00031268,0.6000000000000001,0
626,0.83,0.00031318,0.6000000000000001,0
627,0.84,0.00031364,0.6000000000000001,0
628,0.85,0.00031406,0.6000000000000001,0
629,0.86,0.00031462,0.6000000000000001,0
630,0.87,0.00031506,0.6000000000000001,0
631,0.88,0.0003155,0.6000000000000001,0
632,0.89,0.00031598,0.6000000000000001,0
633,0.9,0.00031644,0.6000000000000001,0
634,0.91,0.00031694,0.6000000000000001,0
635,0.92,0.00031732,0.6000000000000001,0
636,0.93,0.00031776,0.6000000000000001,0
637,0.94,0.0003182,0.6000000000000001,0
638,0.95,0.00031864,0.6000000000000001,0
639,0.96,0.00031914,0.6000000000000001,0
640,0.97,0.00031956,0.6000000000000001,0
641,0.98,0.00031998,0.6000000000000001,0
642,0.99,0.00032038,0.6000000000000001,0
643,1.0,0.00032082,0.6000000000000001,0
644,1.01,0.00032126,0.6000000000000001,0
645,1.02,0.00032174,0.6000000000000001,0
646,1.03,0.0003221,0.6000000000000001,0
647,1.04,0.00032252,0.6000000000000001,0
648,1.05,0.0003229,0.6000000000000001,0
649,1.06,0.0003233,0.6000000000000001,0
650,1.07,0.00032374,0.6000000000000001,0
651,1.08,0.00032416,0.6000000000000001,0
652,1.09,0.00032454,0.6000000000000001,0
653,1.1,0.0003249,0.6000000000000001,0
654,1.11,0.0003253,0.6000000000000001,0
655,1.12,0.00032566,0.6000000000000001,0
656,1.13,0.0003261,0.6000000000000001,0
657,1.14,0.00032648,0.6000000000000001,0
658,1.15,0.00032686,0.6000000000000001,0
659,1.16,0.00032722,0.6000000000000001,0
660,1.1700000000000002,0.00032762,0.6000000000000001,0
661,1.1800000000000002,0.00032804,0.6000000000000001,0
662,1.19,0.0003284,0.6000000000000001,0
663,1.2,0.00032876,0.6000000000000001,0
664,1.21,0.0003292,0.6000000000000001,0
665,1.22,0.00032948,0.6000000000000001,0
666,1.23,0.00032986,0.6000000000000001,0
667,1.24,0.00033026,0.6000000000000001,0
668,1.25,0.00033056,0.6000000000000001,0
669,1.26,0.00033092,0.6000000000000001,0
670,1.27,0.0003313,0.6000000000000001,0
671,1.28,0.00033168,0.6000000000000001,0
672,1.29,0.00033206,0.6000000000000001,0
673,1.3,0.00033236,0.6000000000000001,0
674,1.31,0.00033272,0.6000000000000001,0
675,1.32,0.00033304,0.6000000000000001,0
676,1.33,0.00033342,0.6000000000000001,0
677,1.34,0.00033378,0.6000000000000001,0
678,1.35,0.00033412,0.6000000000000001,0
679,1.36,0.00033442,0.6000000000000001,0
680,1.37,0.00033474,0.6000000000000001,0
681,1.38,0.00033516,0.6000000000000001,0
682,1.39,0.00033544,0.6000000000000001,0
683,1.4,0.00033582,0.6000000000000001,0
684,1.41,0.00033616,0.6000000000000001,0
685,1.4200000000000002,0.00033648,0.6000000000000001,0
686,1.4300000000000002,0.00033678,0.6000000000000001,0
687,1.4400000000000002,0.00033708,0.6000000000000001,0
688,1.4500000000000002,0.00033744,0.6000000000000001,0
689,1.46,0.00033778,0.6000000000000001,0
690,1.47,0.00033804,0.6000000000000001,0
691,1.48,0.00033838,0.6000000000000001,0
692,1.49,0.00033872,0.6000000000000001,0
693,1.5,0.00033904,0.6000000000000001,0
694,1.51,0.00033936,0.6000000000000001,0
695,1.52,0.00033966,0.6000000000000001,0
696,1.53,0.00034,0.6000000000000001,0
697,1.54,0.00034028,0.6000000000000001,0
698,1.55,0.0003406,0.6000000000000001,0
699,1.56,0.00034086,0.6000000000000001,0
700,1.57,0.0003412,0.6000000000000001,0
701,1.58,0.00034148,0.6000000000000001,0
702,1.59,0.00034184,0.6000000000000001,0
703,1.6,0.00034212,0.6000000000000001,0
704,1.61,0.0003424,0.6000000000000001,0
705,1.62,0.00034272,0.6000000000000001,0
706,1.63,0.000343,0.6000000000000001,0
707,1.64,0.00034332,0.6000000000000001,0
708,1.65,0.00034358,0.6000000000000001,0
709,1.66,0.00034386,0.6000000000000001,0
710,1.6700000000000002,0.00034418,0.6000000000000001,0
711,1.6800000000000002,0.00034452,0.6000000000000001,0
712,1.6900000000000002,0.00034478,0.6000000000000001,0
713,1.7000000000000002,0.00034504,0.6000000000000001,0
714,1.7100000000000002,0.00034538,0.6000000000000001,0
715,1.72,0.00034568,0.6000000000000001,0
716,1.73,0.00034592,0.6000000000000001,0
717,1.74,0.0003462,0.6000000000000001,0
718,1.75,0.00034652,0.6000000000000001,0
719,1.76,0.0003468,0.6000000000000001,0
720,1.77,0.00034712,0.6000000000000001,0
721,1.78,0.00034734,0.6000000000000001,0
722,1.79,0.00034764,0.6000000000000001,0
723,1.8,0.00034788,0.6000000000000001,0
724,0.0,-1.3623e-06,0.8,0
725,0.01,0.0001704,0.8,0
726,0.02,0.00033386,0.8,0
727,0.03,0.00049072,0.8,0
728,0.04,0.00063998,0.8,0
729,0.05,0.00078272,0.8,0
730,0.06,0.0009165,0.8,0
731,0.07,0.00104214,0.8,0
732,0.08,0.0011602,0.8,0
733,0.09,0.0012688,0.8,0
734,0.1,0.0013694,0.8,0
735,0.11,0.0014608,0.8,0
736,0.12,0.0015446,0.8,0
737,0.13,0.0016198,0.8,0
738,0.14,0.001687,0.8,0
739,0.15,0.001747,0.8,0
740,0.16,0.0017992,0.8,0
741,0.17,0.0018454,0.8,0
742,0.18,0.0018852,0.8,0
743,0.19,0.0019198,0.8,0
744,0.2,0.0019496,0.8,0
745,0.21,0.0019754,0.8,0
746,0.22,0.0019974,0.8,0
747,0.23,0.0020164,0.8,0
748,0.24,0.0020328,0.8,0
749,0.25,0.0020472,0.8,0
750,0.26,0.0020592,0.8,0
751,0.27,0.00207,0.8,0
752,0.28,0.0020794,0.8,0
753,0.29,0.0020882,0.8,0
754,0.3,0.0020956,0.8,0
755,0.31,0.0021022,0.8,0
756,0.32,0.0021086,0.8,0
757,0.33,0.0021144,0.8,0
758,0.34,0.0021196,0.8,0
759,0.35,0.002125,0.8,0
760,0.36,0.0021294,0.8,0
761,0.37,0.002134,0.8,0
762,0.38,0.0021382,0.8,0
763,0.39,0.0021426,0.8,0
764,0.4,0.0021462,0.8,0
765,0.41,0.0021502,0.8,0
766,0.42,0.0021538,0.8,0
767,0.43,0.0021574,0.8,0
768,0.44,0.002161,0.8,0
769,0.45,0.0021644,0.8,0
770,0.46,0.0021678,0.8,0
771,0.47,0.0021708,0.8,0
772,0.48,0.002174,0.8,0
773,0.49,0.002177,0.8,0
774,0.5,0.00218,0.8,0
775,0.51,0.0021832,0.8,0
776,0.52,0.0021862,0.8,0
777,0.53,0.002189,0.8,0
778,0.54,0.002192,0.8,0
779,0.55,0.0021946,0.8,0
780,0.56,0.0021976,0.8,0
781,0.57,0.0022002,0.8,0
782,0.58,0.0022026,0.8,0
783,0.59,0.0022056,0.8,0
784,0.6,0.002208,0.8,0
785,0.61,0.002211,0.8,0
786,0.62,0.0022134,0.8,0
787,0.63,0.002216,0.8,0
788,0.64,0.0022184,0.8,0
789,0.65,0.0022208,0.8,0
790,0.66,0.0022232,0.8,0
791,0.67,0.0022256,0.8,0
792,0.68,0.002228,0.8,0
793,0.69,0.0022306,0.8,0
794,0.7,0.0022328,0.8,0
795,0.71,0.0022348,0.8,0
796,0.72,0.0022376,0.8,0
797,0.73,0.0022398,0.8,0
798,0.74,0.0022418,0.8,0
799,0.75,0.002244,0.8,0
800,0.76,0.0022464,0.8,0
801,0.77,0.0022486,0.8,0
802,0.78,0.0022506,0.8,0
803,0.79,0.002253,0.8,0
804,0.8,0.0022548,0.8,0
805,0.81,0.0022568,0.8,0
806,0.82,0.002259,0.8,0
807,0.83,0.0022612,0.8,0
808,0.84,0.0022634,0.8,0
809,0.85,0.0022652,0.8,0
810,0.86,0.0022672,0.8,0
811,0.87,0.0022696,0.8,0
812,0.88,0.0022714,0.8,0
813,0.89,0.0022734,0.8,0
814,0.9,0.0022754,0.8,0
815,0.91,0.0022774,0.8,0
816,0.92,0.0022792,0.8,0
817,0.93,0.002281,0.8,0
818,0.94,0.0022828,0.8,0
819,0.95,0.0022846,0.8,0
820,0.96,0.0022866,0.8,0
821,0.97,0.0022886,0.8,0
822,0.98,0.0022902,0.8,0
823,0.99,0.0022918,0.8,0
824,1.0,0.0022938,0.8,0
825,1.01,0.0022956,0.8,0
826,1.02,0.0022974,0.8,0
827,1.03,0.0022992,0.8,0
828,1.04,0.0023008,0.8,0
829,1.05,0.0023024,0.8,0
830,1.06,0.0023042,0.8,0
831,1.07,0.002306,0.8,0
832,1.08,0.0023076,0.8,0
833,1.09,0.0023094,0.8,0
834,1.1,0.0023108,0.8,0
835,1.11,0.002313,0.8,0
836,1.12,0.0023144,0.8,0
837,1.13,0.0023162,0.8,0
838,1.14,0.0023178,0.8,0
839,1.15,0.0023194,0.8,0
840,1.16,0.002321,0.8,0
841,1.1700000000000002,0.0023224,0.8,0
842,1.1800000000000002,0.002324,0.8,0
843,1.19,0.0023256,0.8,0
844,1.2,0.0023272,0.8,0
845,1.21,0.0023288,0.8,0
846,1.22,0.0023304,0.8,0
847,1.23,0.0023318,0.8,0
848,1.24,0.0023332,0.8,0
849,1.25,0.0023352,0.8,0
850,1.26,0.0023364,0.8,0
851,1.27,0.0023378,0.8,0
852,1.28,0.0023394,0.8,0
853,1.29,0.002341,0.8,0
854,1.3,0.0023422,0.8,0
855,1.31,0.0023438,0.8,0
856,1.32,0.0023454,0.8,0
857,1.33,0.0023466,0.8,0
858,1.34,0.0023482,0.8,0
859,1.35,0.0023496,0.8,0
860,1.36,0.002351,0.8,0
861,1.37,0.0023522,0.8,0
862,1.38,0.0023538,0.8,0
863,1.39,0.002355,0.8,0
864,1.4,0.0023568,0.8,0
865,1.41,0.002358,0.8,0
866,1.4200000000000002,0.0023594,0.8,0
867,1.4300000000000002,0.0023606,0.8,0
868,1.4400000000000002,0.002362,0.8,0
869,1.4500000000000002,0.0023634,0.8,0
870,1.46,0.0023648,0.8,0
871,1.47,0.0023662,0.8,0
872,1.48,0.0023674,0.8,0
873,1.49,0.002369,0.8,0
874,1.5,0.0023702,0.8,0
875,1.51,0.0023714,0.8,0
876,1.52,0.0023726,0.8,0
877,1.53,0.002374,0.8,0
878,1.54,0.0023754,0.8,0
879,1.55,0.0023764,0.8,0
880,1.56,0.002378,0.8,0
881,1.57,0.0023792,0.8,0
882,1.58,0.0023806,0.8,0
883,1.59,0.0023818,0.8,0
884,1.6,0.002383,0.8,0
885,1.61,0.0023844,0.8,0
886,1.62,0.0023854,0.8,0
887,1.63,0.0023868,0.8,0
888,1.64,0.0023878,0.8,0
889,1.65,0.0023892,0.8,0
890,1.66,0.0023904,0.8,0
891,1.6700000000000002,0.0023914,0.8,0
892,1.6800000000000002,0.0023926,0.8,0
893,1.6900000000000002,0.0023942,0.8,0
894,1.7000000000000002,0.0023952,0.8,0
895,1.7100000000000002,0.0023964,0.8,0
896,1.72,0.0023976,0.8,0
897,1.73,0.002399,0.8,0
898,1.74,0.0023998,0.8,0
899,1.75,0.0024012,0.8,0
900,1.76,0.0024022,0.8,0
901,1.77,0.0024036,0.8,0
902,1.78,0.0024048,0.8,0
903,1.79,0.0024058,0.8,0
904,1.8,0.002407,0.8,0
905,0.0,-1.8294e-06,1.0,0
906,0.01,0.00022106,1.0,0
907,0.02,0.00043958,1.0,0
908,0.03,0.00065502,1.0,0
909,0.04,0.00086772,1.0,0
910,0.05,0.00107872,1.0,0
911,0.06,0.0012848,1.0,0
912,0.07,0.0014874,1.0,0
913,0.08,0.001688,1.0,0
914,0.09,0.0018832,1.0,0
915,0.1,0.0020746,1.0,0
916,0.11,0.0022614,1.0,0
917,0.12,0.002445,1.0,0
918,0.13,0.0026228,1.0,0
919,0.14,0.002796,1.0,0
920,0.15,0.002965,1.0,0
921,0.16,0.003127,1.0,0
922,0.17,0.0032842,1.0,0
923,0.18,0.003435,1.0,0
924,0.19,0.0035814,1.0,0
925,0.2,0.00372,1.0,0
926,0.21,0.0038524,1.0,0
927,0.22,0.0039796,1.0,0
928,0.23,0.0040984,1.0,0
929,0.24,0.004211,1.0,0
930,0.25,0.004316,1.0,0
931,0.26,0.004415,1.0,0
932,0.27,0.0045062,1.0,0
933,0.28,0.0045904,1.0,0
934,0.29,0.0046682,1.0,0
935,0.3,0.0047388,1.0,0
936,0.31,0.004803,1.0,0
937,0.32,0.0048614,1.0,0
938,0.33,0.0049138,1.0,0
939,0.34,0.0049606,1.0,0
940,0.35,0.0050022,1.0,0
941,0.36,0.005039,1.0,0
942,0.37,0.0050724,1.0,0
943,0.38,0.0051012,1.0,0
944,0.39,0.0051274,1.0,0
945,0.4,0.0051502,1.0,0
946,0.41,0.0051704,1.0,0
947,0.42,0.005189,1.0,0
948,0.43,0.005205,1.0,0
949,0.44,0.0052198,1.0,0
950,0.45,0.005233,1.0,0
951,0.46,0.0052448,1.0,0
952,0.47,0.0052562,1.0,0
953,0.48,0.0052662,1.0,0
954,0.49,0.0052758,1.0,0
955,0.5,0.005284,1.0,0
956,0.51,0.0052926,1.0,0
957,0.52,0.0053002,1.0,0
958,0.53,0.0053076,1.0,0
959,0.54,0.0053144,1.0,0
960,0.55,0.005321,1.0,0
961,0.56,0.0053274,1.0,0
962,0.57,0.0053334,1.0,0
963,0.58,0.0053394,1.0,0
964,0.59,0.005345,1.0,0
965,0.6,0.0053506,1.0,0
966,0.61,0.0053562,1.0,0
967,0.62,0.0053614,1.0,0
968,0.63,0.0053666,1.0,0
969,0.64,0.0053716,1.0,0
970,0.65,0.0053764,1.0,0
971,0.66,0.0053812,1.0,0
972,0.67,0.0053856,1.0,0
973,0.68,0.0053904,1.0,0
974,0.69,0.0053948,1.0,0
975,0.7,0.0053996,1.0,0
976,0.71,0.005404,1.0,0
977,0.72,0.0054082,1.0,0
978,0.73,0.0054126,1.0,0
979,0.74,0.005417,1.0,0
980,0.75,0.005421,1.0,0
981,0.76,0.0054248,1.0,0
982,0.77,0.0054292,1.0,0
983,0.78,0.0054328,1.0,0
984,0.79,0.0054372,1.0,0
985,0.8,0.005441,1.0,0
986,0.81,0.0054446,1.0,0
987,0.82,0.0054486,1.0,0
988,0.83,0.0054524,1.0,0
989,0.84,0.0054562,1.0,0
990,0.85,0.00546,1.0,0
991,0.86,0.0054634,1.0,0
992,0.87,0.0054668,1.0,0
993,0.88,0.0054706,1.0,0
994,0.89,0.0054742,1.0,0
995,0.9,0.0054774,1.0,0
996,0.91,0.005481,1.0,0
997,0.92,0.0054848,1.0,0
998,0.93,0.005488,1.0,0
999,0.94,0.0054914,1.0,0
1000,0.95,0.0054946,1.0,0
1001,0.96,0.0054982,1.0,0
1002,0.97,0.0055012,1.0,0
1003,0.98,0.0055046,1.0,0
1004,0.99,0.0055076,1.0,0
1005,1.0,0.005511,1.0,0
1006,1.01,0.0055142,1.0,0
1007,1.02,0.0055174,1.0,0
1008,1.03,0.0055204,1.0,0
1009,1.04,0.0055234,1.0,0
1010,1.05,0.0055268,1.0,0
1011,1.06,0.0055296,1.0,0
1012,1.07,0.0055326,1.0,0
1013,1.08,0.0055354,1.0,0
1014,1.09,0.0055388,1.0,0
1015,1.1,0.0055418,1.0,0
1016,1.11,0.0055444,1.0,0
1017,1.12,0.0055472,1.0,0
1018,1.13,0.0055504,1.0,0
1019,1.14,0.0055532,1.0,0
1020,1.15,0.0055558,1.0,0
1021,1.16,0.0055588,1.0,0
1022,1.1700000000000002,0.0055614,1.0,0
1023,1.1800000000000002,0.0055644,1.0,0
1024,1.19,0.0055674,1.0,0
1025,1.2,0.00557,1.0,0
1026,1.21,0.0055728,1.0,0
1027,1.22,0.0055756,1.0,0
1028,1.23,0.0055782,1.0,0
1029,1.24,0.0055806,1.0,0
1030,1.25,0.0055834,1.0,0
1031,1.26,0.005586,1.0,0
1032,1.27,0.0055884,1.0,0
1033,1.28,0.0055912,1.0,0
1034,1.29,0.0055938,1.0,0
1035,1.3,0.0055964,1.0,0
1036,1.31,0.0055988,1.0,0
1037,1.32,0.0056014,1.0,0
1038,1.33,0.0056038,1.0,0
1039,1.34,0.0056066,1.0,0
1040,1.35,0.005609,1.0,0
1041,1.36,0.0056116,1.0,0
1042,1.37,0.0056138,1.0,0
1043,1.38,0.0056166,1.0,0
1044,1.39,0.005619,1.0,0
1045,1.4,0.0056214,1.0,0
1046,1.41,0.0056234,1.0,0
1047,1.4200000000000002,0.0056258,1.0,0
1048,1.4300000000000002,0.0056286,1.0,0
1049,1.4400000000000002,0.005631,1.0,0
1050,1.4500000000000002,0.005633,1.0,0
1051,1.46,0.0056356,1.0,0
1052,1.47,0.0056378,1.0,0
1053,1.48,0.0056404,1.0,0
1054,1.49,0.0056426,1.0,0
1055,1.5,0.0056446,1.0,0
1056,1.51,0.0056472,1.0,0
1057,1.52,0.005649,1.0,0
1058,1.53,0.0056516,1.0,0
1059,1.54,0.0056536,1.0,0
1060,1.55,0.0056558,1.0,0
1061,1.56,0.005658,1.0,0
1062,1.57,0.0056604,1.0,0
1063,1.58,0.0056622,1.0,0
1064,1.59,0.0056648,1.0,0
1065,1.6,0.0056666,1.0,0
1066,1.61,0.0056692,1.0,0
1067,1.62,0.0056712,1.0,0
1068,1.63,0.0056736,1.0,0
1069,1.64,0.0056754,1.0,0
1070,1.65,0.0056778,1.0,0
1071,1.66,0.0056798,1.0,0
1072,1.6700000000000002,0.0056818,1.0,0
1073,1.6800000000000002,0.005684,1.0,0
1074,1.6900000000000002,0.0056856,1.0,0
1075,1.7000000000000002,0.0056882,1.0,0
1076,1.7100000000000002,0.00569,1.0,0
1077,1.72,0.0056922,1.0,0
1078,1.73,0.0056942,1.0,0
1079,1.74,0.005696,1.0,0
1080,1.75,0.0056982,1.0,0
1081,1.76,0.0057004,1.0,0
1082,1.77,0.005702,1.0,0
1083,1.78,0.005704,1.0,0
1084,1.79,0.0057064,1.0,0
1085,1.8,0.005708,1.0,0
1086,0.0,-1.9493e-06,1.2000000000000002,0
1087,0.01,0.0002429,1.2000000000000002,0
1088,0.02,0.0004846,1.2000000000000002,0
1089,0.03,0.00072482,1.2000000000000002,0
1090,0.04,0.0009636,1.2000000000000002,0
1091,0.05,0.0012026,1.2000000000000002,0
1092,0.06,0.0014384,1.2000000000000002,0
1093,0.07,0.0016722,1.2000000000000002,0
1094,0.08,0.0019062,1.2000000000000002,0
1095,0.09,0.0021368,1.2000000000000002,0
1096,0.1,0.0023648,1.2000000000000002,0
1097,0.11,0.0025912,1.2000000000000002,0
1098,0.12,0.0028172,1.2000000000000002,0
1099,0.13,0.0030394,1.2000000000000002,0
1100,0.14,0.0032596,1.2000000000000002,0
1101,0.15,0.003479,1.2000000000000002,0
1102,0.16,0.0036932,1.2000000000000002,0
1103,0.17,0.0039062,1.2000000000000002,0
1104,0.18,0.004116,1.2000000000000002,0
1105,0.19,0.0043246,1.2000000000000002,0
1106,0.2,0.0045288,1.2000000000000002,0
1107,0.21,0.0047304,1.2000000000000002,0
1108,0.22,0.00493,1.2000000000000002,0
1109,0.23,0.0051248,1.2000000000000002,0
1110,0.24,0.0053162,1.2000000000000002,0
1111,0.25,0.0055042,1.2000000000000002,0
1112,0.26,0.0056902,1.2000000000000002,0
1113,0.27,0.0058704,1.2000000000000002,0
1114,0.28,0.0060456,1.2000000000000002,0
1115,0.29,0.0062192,1.2000000000000002,0
1116,0.3,0.0063874,1.2000000000000002,0
1117,0.31,0.0065508,1.2000000000000002,0
1118,0.32,0.0067102,1.2000000000000002,0
1119,0.33,0.0068642,1.2000000000000002,0
1120,0.34,0.0070132,1.2000000000000002,0
1121,0.35,0.0071576,1.2000000000000002,0
1122,0.36,0.0072962,1.2000000000000002,0
1123,0.37,0.0074288,1.2000000000000002,0
1124,0.38,0.007557,1.2000000000000002,0
1125,0.39,0.007678,1.2000000000000002,0
1126,0.4,0.0077936,1.2000000000000002,0
1127,0.41,0.0079042,1.2000000000000002,0
1128,0.42,0.0080076,1.2000000000000002,0
1129,0.43,0.0081056,1.2000000000000002,0
1130,0.44,0.0081966,1.2000000000000002,0
1131,0.45,0.0082822,1.2000000000000002,0
1132,0.46,0.0083622,1.2000000000000002,0
1133,0.47,0.0084348,1.2000000000000002,0
1134,0.48,0.0085026,1.2000000000000002,0
1135,0.49,0.008565,1.2000000000000002,0
1136,0.5,0.0086216,1.2000000000000002,0
1137,0.51,0.0086736,1.2000000000000002,0
1138,0.52,0.0087206,1.2000000000000002,0
1139,0.53,0.008763,1.2000000000000002,0
1140,0.54,0.0088016,1.2000000000000002,0
1141,0.55,0.008836,1.2000000000000002,0
1142,0.56,0.008867,1.2000000000000002,0
1143,0.57,0.0088956,1.2000000000000002,0
1144,0.58,0.008921,1.2000000000000002,0
1145,0.59,0.0089436,1.2000000000000002,0
1146,0.6,0.0089648,1.2000000000000002,0
1147,0.61,0.0089834,1.2000000000000002,0
1148,0.62,0.0090004,1.2000000000000002,0
1149,0.63,0.0090162,1.2000000000000002,0
1150,0.64,0.0090308,1.2000000000000002,0
1151,0.65,0.0090438,1.2000000000000002,0
1152,0.66,0.0090562,1.2000000000000002,0
1153,0.67,0.0090676,1.2000000000000002,0
1154,0.68,0.0090786,1.2000000000000002,0
1155,0.69,0.0090884,1.2000000000000002,0
1156,0.7,0.0090976,1.2000000000000002,0
1157,0.71,0.0091072,1.2000000000000002,0
1158,0.72,0.0091158,1.2000000000000002,0
1159,0.73,0.0091242,1.2000000000000002,0
1160,0.74,0.0091316,1.2000000000000002,0
1161,0.75,0.0091396,1.2000000000000002,0
1162,0.76,0.0091468,1.2000000000000002,0
1163,0.77,0.009154,1.2000000000000002,0
1164,0.78,0.0091608,1.2000000000000002,0
1165,0.79,0.0091678,1.2000000000000002,0
1166,0.8,0.0091742,1.2000000000000002,0
1167,0.81,0.0091804,1.2000000000000002,0
1168,0.82,0.0091866,1.2000000000000002,0
1169,0.83,0.0091928,1.2000000000000002,0
1170,0.84,0.0091988,1.2000000000000002,0
1171,0.85,0.0092044,1.2000000000000002,0
1172,0.86,0.0092102,1.2000000000000002,0
1173,0.87,0.0092158,1.2000000000000002,0
1174,0.88,0.0092218,1.2000000000000002,0
1175,0.89,0.009227,1.2000000000000002,0
1176,0.9,0.0092324,1.2000000000000002,0
1177,0.91,0.0092374,1.2000000000000002,0
1178,0.92,0.0092432,1.2000000000000002,0
1179,0.93,0.0092478,1.2000000000000002,0
1180,0.94,0.0092526,1.2000000000000002,0
1181,0.95,0.0092584,1.2000000000000002,0
1182,0.96,0.009263,1.2000000000000002,0
1183,0.97,0.0092674,1.2000000000000002,0
1184,0.98,0.009273,1.2000000000000002,0
1185,0.99,0.0092774,1.2000000000000002,0
1186,1.0,0.0092818,1.2000000000000002,0
1187,1.01,0.0092866,1.2000000000000002,0
1188,1.02,0.0092916,1.2000000000000002,0
1189,1.03,0.0092958,1.2000000000000002,0
1190,1.04,0.0093004,1.2000000000000002,0
1191,1.05,0.009305,1.2000000000000002,0
1192,1.06,0.0093092,1.2000000000000002,0
1193,1.07,0.0093134,1.2000000000000002,0
1194,1.08,0.009318,1.2000000000000002,0
1195,1.09,0.0093222,1.2000000000000002,0
1196,1.1,0.0093266,1.2000000000000002,0
1197,1.11,0.0093306,1.2000000000000002,0
1198,1.12,0.009335,1.2000000000000002,0
1199,1.13,0.0093392,1.2000000000000002,0
1200,1.14,0.009343,1.2000000000000002,0
1201,1.15,0.009347,1.2000000000000002,0
1202,1.16,0.0093512,1.2000000000000002,0
1203,1.1700000000000002,0.0093552,1.2000000000000002,0
1204,1.1800000000000002,0.0093592,1.2000000000000002,0
1205,1.19,0.009363,1.2000000000000002,0
1206,1.2,0.0093674,1.2000000000000002,0
1207,1.21,0.0093706,1.2000000000000002,0
1208,1.22,0.0093748,1.2000000000000002,0
1209,1.23,0.0093786,1.2000000000000002,0
1210,1.24,0.0093826,1.2000000000000002,0
1211,1.25,0.0093862,1.2000000000000002,0
1212,1.26,0.00939,1.2000000000000002,0
1213,1.27,0.0093936,1.2000000000000002,0
1214,1.28,0.009397,1.2000000000000002,0
1215,1.29,0.009401,1.2000000000000002,0
1216,1.3,0.0094046,1.2000000000000002,0
1217,1.31,0.0094082,1.2000000000000002,0
1218,1.32,0.0094114,1.2000000000000002,0
1219,1.33,0.0094152,1.2000000000000002,0
1220,1.34,0.0094182,1.2000000000000002,0
1221,1.35,0.0094222,1.2000000000000002,0
1222,1.36,0.0094256,1.2000000000000002,0
1223,1.37,0.009429,1.2000000000000002,0
1224,1.38,0.0094322,1.2000000000000002,0
1225,1.39,0.0094358,1.2000000000000002,0
1226,1.4,0.0094392,1.2000000000000002,0
1227,1.41,0.0094424,1.2000000000000002,0
1228,1.4200000000000002,0.0094458,1.2000000000000002,0
1229,1.4300000000000002,0.0094494,1.2000000000000002,0
1230,1.4400000000000002,0.0094524,1.2000000000000002,0
1231,1.4500000000000002,0.009456,1.2000000000000002,0
1232,1.46,0.009459,1.2000000000000002,0
1233,1.47,0.0094622,1.2000000000000002,0
1234,1.48,0.0094658,1.2000000000000002,0
1235,1.49,0.0094686,1.2000000000000002,0
1236,1.5,0.0094718,1.2000000000000002,0
1237,1.51,0.009475,1.2000000000000002,0
1238,1.52,0.0094784,1.2000000000000002,0
1239,1.53,0.0094814,1.2000000000000002,0
1240,1.54,0.009484,1.2000000000000002,0
1241,1.55,0.0094872,1.2000000000000002,0
1242,1.56,0.0094902,1.2000000000000002,0
1243,1.57,0.009493,1.2000000000000002,0
1244,1.58,0.0094964,1.2000000000000002,0
1245,1.59,0.0094994,1.2000000000000002,0
1246,1.6,0.0095024,1.2000000000000002,0
1247,1.61,0.0095052,1.2000000000000002,0
1248,1.62,0.009508,1.2000000000000002,0
1249,1.63,0.009511,1.2000000000000002,0
1250,1.64,0.0095144,1.2000000000000002,0
1251,1.65,0.009517,1.2000000000000002,0
1252,1.66,0.0095198,1.2000000000000002,0
1253,1.6700000000000002,0.0095228,1.2000000000000002,0
1254,1.6800000000000002,0.0095256,1.2000000000000002,0
1255,1.6900000000000002,0.0095284,1.2000000000000002,0
1256,1.7000000000000002,0.0095312,1.2000000000000002,0
1257,1.7100000000000002,0.0095344,1.2000000000000002,0
1258,1.72,0.0095372,1.2000000000000002,0
1259,1.73,0.0095398,1.2000000000000002,0
1260,1.74,0.0095424,1.2000000000000002,0
1261,1.75,0.009545,1.2000000000000002,0
1262,1.76,0.009548,1.2000000000000002,0
1263,1.77,0.0095502,1.2000000000000002,0
1264,1.78,0.0095534,1.2000000000000002,0
1265,1.79,0.009556,1.2000000000000002,0
1266,1.8,0.009559,1.2000000000000002,0
1267,0.0,-2.104e-06,1.4000000000000001,0
1268,0.01,0.00025482,1.4000000000000001,0
1269,0.02,0.00050866,1.4000000000000001,0
1270,0.03,0.00076222,1.4000000000000001,0
1271,0.04,0.00101432,1.4000000000000001,0
1272,0.05,0.0012672,1.4000000000000001,0
1273,0.06,0.0015182,1.4000000000000001,0
1274,0.07,0.0017678,1.4000000000000001,0
1275,0.08,0.0020182,1.4000000000000001,0
1276,0.09,0.0022658,1.4000000000000001,0
1277,0.1,0.0025118,1.4000000000000001,0
1278,0.11,0.0027572,1.4000000000000001,0
1279,0.12,0.0030026,1.4000000000000001,0
1280,0.13,0.003246,1.4000000000000001,0
1281,0.14,0.0034878,1.4000000000000001,0
1282,0.15,0.00373,1.4000000000000001,0
1283,0.16,0.0039684,1.4000000000000001,0
1284,0.17,0.0042062,1.4000000000000001,0
1285,0.18,0.0044424,1.4000000000000001,0
1286,0.19,0.0046786,1.4000000000000001,0
1287,0.2,0.0049118,1.4000000000000001,0
1288,0.21,0.0051432,1.4000000000000001,0
1289,0.22,0.0053752,1.4000000000000001,0
1290,0.23,0.0056034,1.4000000000000001,0
1291,0.24,0.0058296,1.4000000000000001,0
1292,0.25,0.0060546,1.4000000000000001,0
1293,0.26,0.0062786,1.4000000000000001,0
1294,0.27,0.0064996,1.4000000000000001,0
1295,0.28,0.0067182,1.4000000000000001,0
1296,0.29,0.006937,1.4000000000000001,0
1297,0.3,0.0071512,1.4000000000000001,0
1298,0.31,0.0073636,1.4000000000000001,0
1299,0.32,0.0075748,1.4000000000000001,0
1300,0.33,0.0077818,1.4000000000000001,0
1301,0.34,0.0079866,1.4000000000000001,0
1302,0.35,0.0081904,1.4000000000000001,0
1303,0.36,0.0083896,1.4000000000000001,0
1304,0.37,0.0085864,1.4000000000000001,0
1305,0.38,0.0087818,1.4000000000000001,0
1306,0.39,0.0089724,1.4000000000000001,0
1307,0.4,0.00916,1.4000000000000001,0
1308,0.41,0.009346,1.4000000000000001,0
1309,0.42,0.0095274,1.4000000000000001,0
1310,0.43,0.009706,1.4000000000000001,0
1311,0.44,0.00988,1.4000000000000001,0
1312,0.45,0.0100506,1.4000000000000001,0
1313,0.46,0.0102182,1.4000000000000001,0
1314,0.47,0.0103804,1.4000000000000001,0
1315,0.48,0.0105388,1.4000000000000001,0
1316,0.49,0.0106944,1.4000000000000001,0
1317,0.5,0.0108444,1.4000000000000001,0
1318,0.51,0.0109908,1.4000000000000001,0
1319,0.52,0.0111314,1.4000000000000001,0
1320,0.53,0.011268,1.4000000000000001,0
1321,0.54,0.0114,1.4000000000000001,0
1322,0.55,0.011524,1.4000000000000001,0
1323,0.56,0.011644,1.4000000000000001,0
1324,0.57,0.011764,1.4000000000000001,0
1325,0.58,0.011872,1.4000000000000001,0
1326,0.59,0.01198,1.4000000000000001,0
1327,0.6,0.012082,1.4000000000000001,0
1328,0.61,0.012174,1.4000000000000001,0
1329,0.62,0.012264,1.4000000000000001,0
1330,0.63,0.012348,1.4000000000000001,0
1331,0.64,0.012426,1.4000000000000001,0
1332,0.65,0.012496,1.4000000000000001,0
1333,0.66,0.012568,1.4000000000000001,0
1334,0.67,0.01263,1.4000000000000001,0
1335,0.68,0.012688,1.4000000000000001,0
1336,0.69,0.012742,1.4000000000000001,0
1337,0.7,0.012792,1.4000000000000001,0
1338,0.71,0.012838,1.4000000000000001,0
1339,0.72,0.012876,1.4000000000000001,0
1340,0.73,0.012912,1.4000000000000001,0
1341,0.74,0.012946,1.4000000000000001,0
1342,0.75,0.012976,1.4000000000000001,0
1343,0.76,0.013004,1.4000000000000001,0
1344,0.77,0.013032,1.4000000000000001,0
1345,0.78,0.013056,1.4000000000000001,0
1346,0.79,0.013076,1.4000000000000001,0
1347,0.8,0.013098,1.4000000000000001,0
1348,0.81,0.013112,1.4000000000000001,0
1349,0.82,0.01313,1.4000000000000001,0
1350,0.83,0.013148,1.4000000000000001,0
1351,0.84,0.01316,1.4000000000000001,0
1352,0.85,0.013174,1.4000000000000001,0
1353,0.86,0.013188,1.4000000000000001,0
1354,0.87,0.013198,1.4000000000000001,0
1355,0.88,0.01321,1.4000000000000001,0
1356,0.89,0.01322,1.4000000000000001,0
1357,0.9,0.01323,1.4000000000000001,0
1358,0.91,0.01324,1.4000000000000001,0
1359,0.92,0.01325,1.4000000000000001,0
1360,0.93,0.013256,1.4000000000000001,0
1361,0.94,0.013266,1.4000000000000001,0
1362,0.95,0.013276,1.4000000000000001,0
1363,0.96,0.013284,1.4000000000000001,0
1364,0.97,0.01329,1.4000000000000001,0
1365,0.98,0.013298,1.4000000000000001,0
1366,0.99,0.013306,1.4000000000000001,0
1367,1.0,0.013314,1.4000000000000001,0
1368,1.01,0.01332,1.4000000000000001,0
1369,1.02,0.013328,1.4000000000000001,0
1370,1.03,0.013334,1.4000000000000001,0
1371,1.04,0.01334,1.4000000000000001,0
1372,1.05,0.013346,1.4000000000000001,0
1373,1.06,0.013352,1.4000000000000001,0
1374,1.07,0.01336,1.4000000000000001,0
1375,1.08,0.013364,1.4000000000000001,0
1376,1.09,0.01337,1.4000000000000001,0
1377,1.1,0.013376,1.4000000000000001,0
1378,1.11,0.013384,1.4000000000000001,0
1379,1.12,0.013388,1.4000000000000001,0
1380,1.13,0.013394,1.4000000000000001,0
1381,1.14,0.013398,1.4000000000000001,0
1382,1.15,0.013404,1.4000000000000001,0
1383,1.16,0.01341,1.4000000000000001,0
1384,1.1700000000000002,0.013416,1.4000000000000001,0
1385,1.1800000000000002,0.013422,1.4000000000000001,0
1386,1.19,0.013426,1.4000000000000001,0
1387,1.2,0.013434,1.4000000000000001,0
1388,1.21,0.013438,1.4000000000000001,0
1389,1.22,0.013442,1.4000000000000001,0
1390,1.23,0.01345,1.4000000000000001,0
1391,1.24,0.013452,1.4000000000000001,0
1392,1.25,0.013458,1.4000000000000001,0
1393,1.26,0.013462,1.4000000000000001,0
1394,1.27,0.013466,1.4000000000000001,0
1395,1.28,0.013472,1.4000000000000001,0
1396,1.29,0.013476,1.4000000000000001,0
1397,1.3,0.013482,1.4000000000000001,0
1398,1.31,0.013488,1.4000000000000001,0
1399,1.32,0.01349,1.4000000000000001,0
1400,1.33,0.013494,1.4000000000000001,0
1401,1.34,0.0135,1.4000000000000001,0
1402,1.35,0.013502,1.4000000000000001,0
1403,1.36,0.013508,1.4000000000000001,0
1404,1.37,0.013512,1.4000000000000001,0
1405,1.38,0.013518,1.4000000000000001,0
1406,1.39,0.013526,1.4000000000000001,0
1407,1.4,0.013526,1.4000000000000001,0
1408,1.41,0.01353,1.4000000000000001,0
1409,1.4200000000000002,0.013538,1.4000000000000001,0
1410,1.4300000000000002,0.01354,1.4000000000000001,0
1411,1.4400000000000002,0.013542,1.4000000000000001,0
1412,1.4500000000000002,0.013548,1.4000000000000001,0
1413,1.46,0.013554,1.4000000000000001,0
1414,1.47,0.013556,1.4000000000000001,0
1415,1.48,0.01356,1.4000000000000001,0
1416,1.49,0.013562,1.4000000000000001,0
1417,1.5,0.013568,1.4000000000000001,0
1418,1.51,0.013574,1.4000000000000001,0
1419,1.52,0.013574,1.4000000000000001,0
1420,1.53,0.01358,1.4000000000000001,0
1421,1.54,0.013586,1.4000000000000001,0
1422,1.55,0.013586,1.4000000000000001,0
1423,1.56,0.013592,1.4000000000000001,0
1424,1.57,0.013596,1.4000000000000001,0
1425,1.58,0.0136,1.4000000000000001,0
1426,1.59,0.013604,1.4000000000000001,0
1427,1.6,0.013608,1.4000000000000001,0
1428,1.61,0.01361,1.4000000000000001,0
1429,1.62,0.013616,1.4000000000000001,0
1430,1.63,0.013618,1.4000000000000001,0
1431,1.64,0.013622,1.4000000000000001,0
1432,1.65,0.013626,1.4000000000000001,0
1433,1.66,0.01363,1.4000000000000001,0
1434,1.6700000000000002,0.013636,1.4000000000000001,0
1435,1.6800000000000002,0.013634,1.4000000000000001,0
1436,1.6900000000000002,0.013642,1.4000000000000001,0
1437,1.7000000000000002,0.013644,1.4000000000000001,0
1438,1.7100000000000002,0.013646,1.4000000000000001,0
1439,1.72,0.01365,1.4000000000000001,0
1440,1.73,0.013654,1.4000000000000001,0
1441,1.74,0.013658,1.4000000000000001,0
1442,1.75,0.013662,1.4000000000000001,0
1443,1.76,0.013664,1.4000000000000001,0
1444,1.77,0.013668,1.4000000000000001,0
1445,1.78,0.013674,1.4000000000000001,0
1446,1.79,0.013674,1.4000000000000001,0
1447,1.8,0.013676,1.4000000000000001,0
1448,0.0,-2.0969e-06,1.6,0
1449,0.01,0.000262,1.6,0
1450,0.02,0.0005236,1.6,0
1451,0.03,0.0007847,1.6,0
1452,0.04,0.00104536,1.6,0
1453,0.05,0.0013068,1.6,0
1454,0.06,0.0015664,1.6,0
1455,0.07,0.0018254,1.6,0
1456,0.08,0.0020852,1.6,0
1457,0.09,0.0023428,1.6,0
1458,0.1,0.0025994,1.6,0
1459,0.11,0.0028554,1.6,0
1460,0.12,0.0031124,1.6,0
1461,0.13,0.003367,1.6,0
1462,0.14,0.0036206,1.6,0
1463,0.15,0.0038756,1.6,0
1464,0.16,0.0041268,1.6,0
1465,0.17,0.0043784,1.6,0
1466,0.18,0.0046286,1.6,0
1467,0.19,0.00488,1.6,0
1468,0.2,0.0051278,1.6,0
1469,0.21,0.0053756,1.6,0
1470,0.22,0.005624,1.6,0
1471,0.23,0.0058694,1.6,0
1472,0.24,0.0061134,1.6,0
1473,0.25,0.0063568,1.6,0
1474,0.26,0.0066004,1.6,0
1475,0.27,0.0068414,1.6,0
1476,0.28,0.007081,1.6,0
1477,0.29,0.0073212,1.6,0
1478,0.3,0.0075582,1.6,0
1479,0.31,0.0077944,1.6,0
1480,0.32,0.0080306,1.6,0
1481,0.33,0.0082632,1.6,0
1482,0.34,0.008494,1.6,0
1483,0.35,0.0087262,1.6,0
1484,0.36,0.0089546,1.6,0
1485,0.37,0.0091814,1.6,0
1486,0.38,0.0094082,1.6,0
1487,0.39,0.0096316,1.6,0
1488,0.4,0.0098536,1.6,0
1489,0.41,0.0100748,1.6,0
1490,0.42,0.0102932,1.6,0
1491,0.43,0.0105108,1.6,0
1492,0.44,0.0107248,1.6,0
1493,0.45,0.0109372,1.6,0
1494,0.46,0.0111492,1.6,0
1495,0.47,0.0113568,1.6,0
1496,0.48,0.01156,1.6,0
1497,0.49,0.011764,1.6,0
1498,0.5,0.011968,1.6,0
1499,0.51,0.012166,1.6,0
1500,0.52,0.012364,1.6,0
1501,0.53,0.012558,1.6,0
1502,0.54,0.012752,1.6,0
1503,0.55,0.012936,1.6,0
1504,0.56,0.013124,1.6,0
1505,0.57,0.013306,1.6,0
1506,0.58,0.013488,1.6,0
1507,0.59,0.013664,1.6,0
1508,0.6,0.013838,1.6,0
1509,0.61,0.014008,1.6,0
1510,0.62,0.014174,1.6,0
1511,0.63,0.014338,1.6,0
1512,0.64,0.0145,1.6,0
1513,0.65,0.014654,1.6,0
1514,0.66,0.014806,1.6,0
1515,0.67,0.014954,1.6,0
1516,0.68,0.0151,1.6,0
1517,0.69,0.01524,1.6,0
1518,0.7,0.015376,1.6,0
1519,0.71,0.015506,1.6,0
1520,0.72,0.015636,1.6,0
1521,0.73,0.015756,1.6,0
1522,0.74,0.015874,1.6,0
1523,0.75,0.01599,1.6,0
1524,0.76,0.016096,1.6,0
1525,0.77,0.016198,1.6,0
1526,0.78,0.016298,1.6,0
1527,0.79,0.016392,1.6,0
1528,0.8,0.01648,1.6,0
1529,0.81,0.016564,1.6,0
1530,0.82,0.016642,1.6,0
1531,0.83,0.016716,1.6,0
1532,0.84,0.016786,1.6,0
1533,0.85,0.01685,1.6,0
1534,0.86,0.016912,1.6,0
1535,0.87,0.016966,1.6,0
1536,0.88,0.01702,1.6,0
1537,0.89,0.017068,1.6,0
1538,0.9,0.017112,1.6,0
1539,0.91,0.01715,1.6,0
1540,0.92,0.017188,1.6,0
1541,0.93,0.017224,1.6,0
1542,0.94,0.017254,1.6,0
1543,0.95,0.017284,1.6,0
1544,0.96,0.017308,1.6,0
1545,0.97,0.017334,1.6,0
1546,0.98,0.017354,1.6,0
1547,0.99,0.017376,1.6,0
1548,1.0,0.017394,1.6,0
1549,1.01,0.017414,1.6,0
1550,1.02,0.017428,1.6,0
1551,1.03,0.017446,1.6,0
1552,1.04,0.017458,1.6,0
1553,1.05,0.017472,1.6,0
1554,1.06,0.017484,1.6,0
1555,1.07,0.017496,1.6,0
1556,1.08,0.017508,1.6,0
1557,1.09,0.01752,1.6,0
1558,1.1,0.01753,1.6,0
1559,1.11,0.017538,1.6,0
1560,1.12,0.017546,1.6,0
1561,1.13,0.017558,1.6,0
1562,1.14,0.017568,1.6,0
1563,1.15,0.017574,1.6,0
1564,1.16,0.017582,1.6,0
1565,1.1700000000000002,0.01759,1.6,0
1566,1.1800000000000002,0.017598,1.6,0
1567,1.19,0.017608,1.6,0
1568,1.2,0.017614,1.6,0
1569,1.21,0.017624,1.6,0
1570,1.22,0.017628,1.6,0
1571,1.23,0.017634,1.6,0
1572,1.24,0.017644,1.6,0
1573,1.25,0.01765,1.6,0
1574,1.26,0.017658,1.6,0
1575,1.27,0.017664,1.6,0
1576,1.28,0.017668,1.6,0
1577,1.29,0.017676,1.6,0
1578,1.3,0.017682,1.6,0
1579,1.31,0.017686,1.6,0
1580,1.32,0.017694,1.6,0
1581,1.33,0.0177,1.6,0
1582,1.34,0.017706,1.6,0
1583,1.35,0.017714,1.6,0
1584,1.36,0.017718,1.6,0
1585,1.37,0.017726,1.6,0
1586,1.38,0.01773,1.6,0
1587,1.39,0.017734,1.6,0
1588,1.4,0.01774,1.6,0
1589,1.41,0.017748,1.6,0
1590,1.4200000000000002,0.017752,1.6,0
1591,1.4300000000000002,0.017756,1.6,0
1592,1.4400000000000002,0.017762,1.6,0
1593,1.4500000000000002,0.017768,1.6,0
1594,1.46,0.017772,1.6,0
1595,1.47,0.017778,1.6,0
1596,1.48,0.017782,1.6,0
1597,1.49,0.01779,1.6,0
1598,1.5,0.017792,1.6,0
1599,1.51,0.0178,1.6,0
1600,1.52,0.017804,1.6,0
1601,1.53,0.017806,1.6,0
1602,1.54,0.017812,1.6,0
1603,1.55,0.017816,1.6,0
1604,1.56,0.017824,1.6,0
1605,1.57,0.017828,1.6,0
1606,1.58,0.017832,1.6,0
1607,1.59,0.017838,1.6,0
1608,1.6,0.017838,1.6,0
1609,1.61,0.017846,1.6,0
1610,1.62,0.01785,1.6,0
1611,1.63,0.017852,1.6,0
1612,1.64,0.01786,1.6,0
1613,1.65,0.017862,1.6,0
1614,1.66,0.017866,1.6,0
1615,1.6700000000000002,0.017872,1.6,0
1616,1.6800000000000002,0.017878,1.6,0
1617,1.6900000000000002,0.017882,1.6,0
1618,1.7000000000000002,0.017884,1.6,0
1619,1.7100000000000002,0.017892,1.6,0
1620,1.72,0.017892,1.6,0
1621,1.73,0.017896,1.6,0
1622,1.74,0.017904,1.6,0
1623,1.75,0.017908,1.6,0
1624,1.76,0.01791,1.6,0
1625,1.77,0.017916,1.6,0
1626,1.78,0.01792,1.6,0
1627,1.79,0.017922,1.6,0
1628,1.8,0.017928,1.6,0
1629,0.0,-2.3363000000000004e-06,1.8,0
1630,0.01,0.00026668,1.8,0
1631,0.02,0.0005331,1.8,0
1632,0.03,0.00079966,1.8,0
1633,0.04,0.00106554,1.8,0
1634,0.05,0.0013326,1.8,0
1635,0.06,0.001598,1.8,0
1636,0.07,0.0018628,1.8,0
1637,0.08,0.0021288,1.8,0
1638,0.09,0.0023924,1.8,0
1639,0.1,0.0026556,1.8,0
1640,0.11,0.0029184,1.8,0
1641,0.12,0.0031824,1.8,0
1642,0.13,0.0034446,1.8,0
1643,0.14,0.0037054,1.8,0
1644,0.15,0.0039682,1.8,0
1645,0.16,0.0042274,1.8,0
1646,0.17,0.0044876,1.8,0
1647,0.18,0.0047458,1.8,0
1648,0.19,0.0050064,1.8,0
1649,0.2,0.0052634,1.8,0
1650,0.21,0.0055206,1.8,0
1651,0.22,0.0057788,1.8,0
1652,0.23,0.0060342,1.8,0
1653,0.24,0.0062886,1.8,0
1654,0.25,0.006543,1.8,0
1655,0.26,0.0067976,1.8,0
1656,0.27,0.00705,1.8,0
1657,0.28,0.007302,1.8,0
1658,0.29,0.0075546,1.8,0
1659,0.3,0.0078046,1.8,0
1660,0.31,0.0080538,1.8,0
1661,0.32,0.0083036,1.8,0
1662,0.33,0.0085504,1.8,0
1663,0.34,0.0087964,1.8,0
1664,0.35,0.0090432,1.8,0
1665,0.36,0.0092876,1.8,0
1666,0.37,0.0095308,1.8,0
1667,0.38,0.0097742,1.8,0
1668,0.39,0.0100154,1.8,0
1669,0.4,0.0102548,1.8,0
1670,0.41,0.010495,1.8,0
1671,0.42,0.0107328,1.8,0
1672,0.43,0.0109708,1.8,0
1673,0.44,0.0112062,1.8,0
1674,0.45,0.0114394,1.8,0
1675,0.46,0.011672,1.8,0
1676,0.47,0.011904,1.8,0
1677,0.48,0.01213,1.8,0
1678,0.49,0.012362,1.8,0
1679,0.5,0.012588,1.8,0
1680,0.51,0.012816,1.8,0
1681,0.52,0.01304,1.8,0
1682,0.53,0.01326,1.8,0
1683,0.54,0.013484,1.8,0
1684,0.55,0.013704,1.8,0
1685,0.56,0.013922,1.8,0
1686,0.57,0.014138,1.8,0
1687,0.58,0.014354,1.8,0
1688,0.59,0.014566,1.8,0
1689,0.6,0.014776,1.8,0
1690,0.61,0.014986,1.8,0
1691,0.62,0.015194,1.8,0
1692,0.63,0.0154,1.8,0
1693,0.64,0.0156,1.8,0
1694,0.65,0.0158,1.8,0
1695,0.66,0.016002,1.8,0
1696,0.67,0.016196,1.8,0
1697,0.68,0.01639,1.8,0
1698,0.69,0.016582,1.8,0
1699,0.7,0.016768,1.8,0
1700,0.71,0.016958,1.8,0
1701,0.72,0.017142,1.8,0
1702,0.73,0.017324,1.8,0
1703,0.74,0.017504,1.8,0
1704,0.75,0.017678,1.8,0
1705,0.76,0.01785,1.8,0
1706,0.77,0.018022,1.8,0
1707,0.78,0.018188,1.8,0
1708,0.79,0.018352,1.8,0
1709,0.8,0.018512,1.8,0
1710,0.81,0.018668,1.8,0
1711,0.82,0.01882,1.8,0
1712,0.83,0.018974,1.8,0
1713,0.84,0.019118,1.8,0
1714,0.85,0.019262,1.8,0
1715,0.86,0.0194,1.8,0
1716,0.87,0.019536,1.8,0
1717,0.88,0.01967,1.8,0
1718,0.89,0.019798,1.8,0
1719,0.9,0.019922,1.8,0
1720,0.91,0.02004,1.8,0
1721,0.92,0.020154,1.8,0
1722,0.93,0.020266,1.8,0
1723,0.94,0.02037,1.8,0
1724,0.95,0.020476,1.8,0
1725,0.96,0.02057,1.8,0
1726,0.97,0.020664,1.8,0
1727,0.98,0.020754,1.8,0
1728,0.99,0.020838,1.8,0
1729,1.0,0.020916,1.8,0
1730,1.01,0.020996,1.8,0
1731,1.02,0.021062,1.8,0
1732,1.03,0.021128,1.8,0
1733,1.04,0.021194,1.8,0
1734,1.05,0.021248,1.8,0
1735,1.06,0.021302,1.8,0
1736,1.07,0.021356,1.8,0
1737,1.08,0.021402,1.8,0
1738,1.09,0.021444,1.8,0
1739,1.1,0.021486,1.8,0
1740,1.11,0.021522,1.8,0
1741,1.12,0.021554,1.8,0
1742,1.13,0.021588,1.8,0
1743,1.14,0.021616,1.8,0
1744,1.15,0.021644,1.8,0
1745,1.16,0.021668,1.8,0
1746,1.1700000000000002,0.02169,1.8,0
1747,1.1800000000000002,0.021714,1.8,0
1748,1.19,0.02173,1.8,0
1749,1.2,0.02175,1.8,0
1750,1.21,0.021766,1.8,0
1751,1.22,0.021782,1.8,0
1752,1.23,0.0218,1.8,0
1753,1.24,0.021812,1.8,0
1754,1.25,0.021824,1.8,0
1755,1.26,0.021836,1.8,0
1756,1.27,0.02185,1.8,0
1757,1.28,0.02186,1.8,0
1758,1.29,0.021872,1.8,0
1759,1.3,0.021884,1.8,0
1760,1.31,0.02189,1.8,0
1761,1.32,0.021902,1.8,0
1762,1.33,0.02191,1.8,0
1763,1.34,0.02192,1.8,0
1764,1.35,0.021928,1.8,0
1765,1.36,0.021938,1.8,0
1766,1.37,0.021946,1.8,0
1767,1.38,0.021954,1.8,0
1768,1.39,0.02196,1.8,0
1769,1.4,0.021968,1.8,0
1770,1.41,0.021976,1.8,0
1771,1.4200000000000002,0.021986,1.8,0
1772,1.4300000000000002,0.02199,1.8,0
1773,1.4400000000000002,0.021998,1.8,0
1774,1.4500000000000002,0.022004,1.8,0
1775,1.46,0.022012,1.8,0
1776,1.47,0.022018,1.8,0
1777,1.48,0.022024,1.8,0
1778,1.49,0.022032,1.8,0
1779,1.5,0.02204,1.8,0
1780,1.51,0.022046,1.8,0
1781,1.52,0.022052,1.8,0
1782,1.53,0.022058,1.8,0
1783,1.54,0.022062,1.8,0
1784,1.55,0.02207,1.8,0
1785,1.56,0.022076,1.8,0
1786,1.57,0.022082,1.8,0
1787,1.58,0.022084,1.8,0
1788,1.59,0.022094,1.8,0
1789,1.6,0.022098,1.8,0
1790,1.61,0.022102,1.8,0
1791,1.62,0.02211,1.8,0
1792,1.63,0.022116,1.8,0
1793,1.64,0.022124,1.8,0
1794,1.65,0.022126,1.8,0
1795,1.66,0.022132,1.8,0
1796,1.6700000000000002,0.022136,1.8,0
1797,1.6800000000000002,0.022142,1.8,0
1798,1.6900000000000002,0.022146,1.8,0
1799,1.7000000000000002,0.02215,1.8,0
1800,1.7100000000000002,0.02216,1.8,0
1801,1.72,0.022162,1.8,0
1802,1.73,0.022168,1.8,0
1803,1.74,0.022172,1.8,0
1804,1.75,0.022178,1.8,0
1805,1.76,0.022184,1.8,0
1806,1.77,0.022188,1.8,0
1807,1.78,0.022194,1.8,0
1808,1.79,0.022196,1.8,0
1809,1.8,0.022202,1.8,0
